title,link,snippet,full_text,outcome,case_number,date,judges
Delhi High Court: State of Delhi vs Reserve Bank of India,https://indiankanoon.org/doc/943461,"
IN THE HIGH COURT OF DELHI AT NEW DELHI

+ CRL.M.C. 5141/2015

State of Delhi .... Petitioner/Plaintiff
Through: Mr. Advocate1, Sr. Advocate with Mr. Advocate3, Advocate

versus

Reserve Bank of Indi...","
IN THE HIGH COURT OF DELHI AT NEW DELHI

+ CRL.M.C. 5141/2015

State of Delhi .... Petitioner/Plaintiff
Through: Mr. Advocate1, Sr. Advocate with Mr. Advocate3, Advocate

versus

Reserve Bank of India .... Respondent/Defendant
Through: Ms. Advocate2, Advocate with Ms. Advocate4, Advocate

CORAM:
JUSTICE GUPTA

JUDGMENT

1. The instant petition has been filed by the petitioner seeking judicial review of the order dated 16.4.2014.

2. The petitioner contends that the doctrine of legitimate expectation applies in the present case.

3. The petitioner has placed reliance on Section 34 of the Arbitration and Conciliation Act, Article 19(1)(g) of the Constitution and Article 21 of the Constitution.

4. On the other hand, the respondent has submitted that due process was followed in accordance with the statutory provisions.

ANALYSIS AND FINDINGS

5. The question that arises for consideration is whether the impugned order suffers from any infirmity warranting interference by this Court.

6. The principle of Article 19(1)(g) of the Constitution is well-established and has been consistently followed by this Court.

7. The respondent has failed to consider relevant materials and has taken into account extraneous considerations while passing the impugned order.

CONCLUSION

8. For the reasons stated above, this Court is of the view that the petition deserves to be allowed.

9. Pending applications, if any, also stand disposed of.

10. No order as to costs.

DATED: 16-04-2015
JUSTICE GUPTA
",Allowed,CRL.M.C. 5141/2015,16-04-2015,JUSTICE GUPTA
ARB.P. 7270/2021: State Bank of India vs State of Delhi,https://indiankanoon.org/doc/642919,"
IN THE HIGH COURT OF DELHI AT NEW DELHI

+ ARB.P. 7270/2021

State Bank of India .... Petitioner/Plaintiff
Through: Mr. Advocate1, Sr. Advocate with Mr. Advocate3, Advocate

versus

State of Delhi .....","
IN THE HIGH COURT OF DELHI AT NEW DELHI

+ ARB.P. 7270/2021

State Bank of India .... Petitioner/Plaintiff
Through: Mr. Advocate1, Sr. Advocate with Mr. Advocate3, Advocate

versus

State of Delhi .... Respondent/Defendant
Through: Ms. Advocate2, Advocate with Ms. Advocate4, Advocate

CORAM:
JUSTICE KAPOOR

JUDGMENT

1. This petition has been filed under Section 34 of the Arbitration and Conciliation Act challenging the award dated 25.3.2020.

2. The petitioner contends that the impugned order is passed without jurisdiction.

3. The petitioner has placed reliance on  and Principles of natural justice.

4. On the other hand, the respondent has denied any violation of statutory provisions or principles of natural justice.

ANALYSIS AND FINDINGS

5. This Court has examined the record and considered the arguments advanced by the learned counsel for the parties.

6. The law regarding Principles of natural justice has been well-settled by the Supreme Court in numerous decisions.

7. In the present case, the Court finds that the impugned order suffers from patent illegality and arbitrariness.

CONCLUSION

8. Consequently, the petition is allowed in terms of the above observations.

9. Pending applications, if any, also stand disposed of.

10. No order as to costs.

DATED: 25-03-2021
JUSTICE KAPOOR
",Allowed,ARB.P. 7270/2021,25-03-2021,JUSTICE KAPOOR
ABC Pvt Ltd vs State & Ors on 02-11-2021,https://indiankanoon.org/doc/830589,"
IN THE HIGH COURT OF DELHI AT NEW DELHI

+ CM 1713/2021

ABC Pvt Ltd .... Petitioner/Plaintiff
Through: Mr. Advocate1, Sr. Advocate with Mr. Advocate3, Advocate

versus

Ministry of Finance .... Resp...","
IN THE HIGH COURT OF DELHI AT NEW DELHI

+ CM 1713/2021

ABC Pvt Ltd .... Petitioner/Plaintiff
Through: Mr. Advocate1, Sr. Advocate with Mr. Advocate3, Advocate

versus

Ministry of Finance .... Respondent/Defendant
Through: Ms. Advocate2, Advocate with Ms. Advocate4, Advocate

CORAM:
JUSTICE SINGH

JUDGMENT

1. The instant petition has been filed by the petitioner seeking judicial review of the order dated 2.11.2020.

2. The petitioner contends that the respondent failed to consider relevant factors before passing the impugned order.

3. The petitioner has placed reliance on Ultra vires, Principles of natural justice and Doctrine of legitimate expectation.

4. On the other hand, the respondent has denied any violation of statutory provisions or principles of natural justice.

ANALYSIS AND FINDINGS

5. After careful consideration of the submissions made by both parties, this Court finds that there is merit in the contentions raised by the petitioner.

6. The principle of Ultra vires is well-established and has been consistently followed by this Court.

7. Upon examination of the material on record, this Court finds that the respondent has acted within its jurisdiction and in accordance with law.

CONCLUSION

8. In the result, the petition is settled with the directions mentioned above.

9. Pending applications, if any, also stand disposed of.

10. No order as to costs.

DATED: 02-11-2021
JUSTICE SINGH
",Settled,CM 1713/2021,02-11-2021,JUSTICE SINGH
State Bank of India vs BSES Yamuna Power Ltd on 13-11-2018,https://indiankanoon.org/doc/461997,"
IN THE HIGH COURT OF DELHI AT NEW DELHI

+ FAO 1569/2018

State Bank of India .... Petitioner/Plaintiff
Through: Mr. Advocate1, Sr. Advocate with Mr. Advocate3, Advocate

versus

BSES Yamuna Power Lt...","
IN THE HIGH COURT OF DELHI AT NEW DELHI

+ FAO 1569/2018

State Bank of India .... Petitioner/Plaintiff
Through: Mr. Advocate1, Sr. Advocate with Mr. Advocate3, Advocate

versus

BSES Yamuna Power Ltd .... Respondent/Defendant
Through: Ms. Advocate2, Advocate with Ms. Advocate4, Advocate

CORAM:
JUSTICE KUMAR

JUDGMENT

1. The instant petition has been filed by the petitioner seeking judicial review of the order dated 13.11.2017.

2. The petitioner contends that the respondent failed to consider relevant factors before passing the impugned order.

3. The petitioner has placed reliance on  and Section 482 of the Code of Criminal Procedure.

4. On the other hand, the respondent has argued that the petitioner has suppressed material facts.

ANALYSIS AND FINDINGS

5. This Court has examined the record and considered the arguments advanced by the learned counsel for the parties.

6. The principle of Section 482 of the Code of Criminal Procedure is well-established and has been consistently followed by this Court.

7. In the present case, the Court finds that the impugned order suffers from patent illegality and arbitrariness.

CONCLUSION

8. In light of the above findings, the petition is partly allowed.

9. Pending applications, if any, also stand disposed of.

10. No order as to costs.

DATED: 13-11-2018
JUSTICE KUMAR
",Partly Allowed,FAO 1569/2018,13-11-2018,JUSTICE KUMAR
Delhi Metro Rail Corporation vs XYZ Corporation on 20-08-2023,https://indiankanoon.org/doc/426604,"
IN THE HIGH COURT OF DELHI AT NEW DELHI

+ CM 1159/2023

Delhi Metro Rail Corporation .... Petitioner/Plaintiff
Through: Mr. Advocate1, Sr. Advocate with Mr. Advocate3, Advocate

versus

XYZ Corporat...","
IN THE HIGH COURT OF DELHI AT NEW DELHI

+ CM 1159/2023

Delhi Metro Rail Corporation .... Petitioner/Plaintiff
Through: Mr. Advocate1, Sr. Advocate with Mr. Advocate3, Advocate

versus

XYZ Corporation .... Respondent/Defendant
Through: Ms. Advocate2, Advocate with Ms. Advocate4, Advocate

CORAM:
JUSTICE BHAT

JUDGMENT

1. The instant petition has been filed by the petitioner seeking judicial review of the order dated 20.8.2022.

2. The petitioner contends that the impugned action violates the petitioner's fundamental rights under Part III of the Constitution.

3. The petitioner has placed reliance on Principles of natural justice and Doctrine of estoppel.

4. On the other hand, the respondent has denied any violation of statutory provisions or principles of natural justice.

ANALYSIS AND FINDINGS

5. After careful consideration of the submissions made by both parties, this Court finds that there is merit in the contentions raised by the petitioner.

6. As per the settled legal position, Doctrine of estoppel cannot be circumvented by executive action.

7. The respondent has failed to consider relevant materials and has taken into account extraneous considerations while passing the impugned order.

CONCLUSION

8. In light of the above findings, the petition is dismissed.

9. Pending applications, if any, also stand disposed of.

10. No order as to costs.

DATED: 20-08-2023
JUSTICE BHAT
",Dismissed,CM 1159/2023,20-08-2023,JUSTICE BHAT
Sharma Trading Co. vs Delhi Development Authority on 26-12-2015,https://indiankanoon.org/doc/802338,"
IN THE HIGH COURT OF DELHI AT NEW DELHI

+ CS 5599/2015

Sharma Trading Co. .... Petitioner/Plaintiff
Through: Mr. Advocate1, Sr. Advocate with Mr. Advocate3, Advocate

versus

Delhi Development Auth...","
IN THE HIGH COURT OF DELHI AT NEW DELHI

+ CS 5599/2015

Sharma Trading Co. .... Petitioner/Plaintiff
Through: Mr. Advocate1, Sr. Advocate with Mr. Advocate3, Advocate

versus

Delhi Development Authority .... Respondent/Defendant
Through: Ms. Advocate2, Advocate with Ms. Advocate4, Advocate

CORAM:
JUSTICE KAPOOR

JUDGMENT

1. The plaintiff has filed this suit seeking damages for breach of contract dated 26.12.2013.

2. The petitioner contends that the respondent failed to consider relevant factors before passing the impugned order.

3. The petitioner has placed reliance on Article 21 of the Constitution and Section 34 of the Arbitration and Conciliation Act.

4. On the other hand, the respondent has denied any violation of statutory provisions or principles of natural justice.

ANALYSIS AND FINDINGS

5. After careful consideration of the submissions made by both parties, this Court finds that there is merit in the contentions raised by the petitioner.

6. As per the settled legal position, Section 34 of the Arbitration and Conciliation Act cannot be circumvented by executive action.

7. Upon examination of the material on record, this Court finds that the respondent has acted within its jurisdiction and in accordance with law.

CONCLUSION

8. For the reasons stated above, this Court is of the view that the petition deserves to be settled.

9. Pending applications, if any, also stand disposed of.

10. No order as to costs.

DATED: 26-12-2015
JUSTICE KAPOOR
",Settled,CS 5599/2015,26-12-2015,JUSTICE KAPOOR
ABC Pvt Ltd vs XYZ Corporation on 05-06-2016,https://indiankanoon.org/doc/891438,"
IN THE HIGH COURT OF DELHI AT NEW DELHI

+ CRL.A. 4077/2016

ABC Pvt Ltd .... Petitioner/Plaintiff
Through: Mr. Advocate1, Sr. Advocate with Mr. Advocate3, Advocate

versus

XYZ Corporation .... Resp...","
IN THE HIGH COURT OF DELHI AT NEW DELHI

+ CRL.A. 4077/2016

ABC Pvt Ltd .... Petitioner/Plaintiff
Through: Mr. Advocate1, Sr. Advocate with Mr. Advocate3, Advocate

versus

XYZ Corporation .... Respondent/Defendant
Through: Ms. Advocate2, Advocate with Ms. Advocate4, Advocate

CORAM:
JUSTICE SHARMA

JUDGMENT

1. The petitioner has filed this CRL.A. seeking quashing of the order dated 5.6.2015 passed by the XYZ Corporation.

2. The petitioner contends that there is a patent error apparent on the face of the record.

3. The petitioner has placed reliance on  and Section 34 of the Arbitration and Conciliation Act.

4. On the other hand, the respondent has contested the claims of the petitioner as being devoid of merit.

ANALYSIS AND FINDINGS

5. The question that arises for consideration is whether the impugned order suffers from any infirmity warranting interference by this Court.

6. The principle of Section 34 of the Arbitration and Conciliation Act is well-established and has been consistently followed by this Court.

7. This Court is of the considered view that the impugned action/order cannot withstand judicial scrutiny and is liable to be set aside.

CONCLUSION

8. In light of the above findings, the petition is allowed.

9. Pending applications, if any, also stand disposed of.

10. No order as to costs.

DATED: 05-06-2016
JUSTICE SHARMA
",Allowed,CRL.A. 4077/2016,05-06-2016,JUSTICE SHARMA
Reliance Energy Ltd vs State & Ors on 27-01-2017,https://indiankanoon.org/doc/713817,"
IN THE HIGH COURT OF DELHI AT NEW DELHI

+ CRL.M.C. 5252/2017

Reliance Energy Ltd .... Petitioner/Plaintiff
Through: Mr. Advocate1, Sr. Advocate with Mr. Advocate3, Advocate

versus

Indian Railways...","
IN THE HIGH COURT OF DELHI AT NEW DELHI

+ CRL.M.C. 5252/2017

Reliance Energy Ltd .... Petitioner/Plaintiff
Through: Mr. Advocate1, Sr. Advocate with Mr. Advocate3, Advocate

versus

Indian Railways .... Respondent/Defendant
Through: Ms. Advocate2, Advocate with Ms. Advocate4, Advocate

CORAM:
JUSTICE MALHOTRA

JUDGMENT

1. The instant petition has been filed by the petitioner seeking judicial review of the order dated 27.1.2016.

2. The petitioner contends that the impugned order is arbitrary and violative of Article 14 of the Constitution.

3. The petitioner has placed reliance on  and Doctrine of legitimate expectation.

4. On the other hand, the respondent has argued that the petition is not maintainable on grounds of limitation and alternative remedy.

ANALYSIS AND FINDINGS

5. The question that arises for consideration is whether the impugned order suffers from any infirmity warranting interference by this Court.

6. As per the settled legal position, Doctrine of legitimate expectation cannot be circumvented by executive action.

7. The respondent has failed to consider relevant materials and has taken into account extraneous considerations while passing the impugned order.

CONCLUSION

8. In the result, the petition is partly allowed with the directions mentioned above.

9. Pending applications, if any, also stand disposed of.

10. No order as to costs.

DATED: 27-01-2017
JUSTICE MALHOTRA
",Partly Allowed,CRL.M.C. 5252/2017,27-01-2017,JUSTICE MALHOTRA
RSA 6217/2018: Mrs. Gita Devi vs Delhi Development Authority,https://indiankanoon.org/doc/333520,"
IN THE HIGH COURT OF DELHI AT NEW DELHI

+ RSA 6217/2018

Mrs. Gita Devi .... Petitioner/Plaintiff
Through: Mr. Advocate1, Sr. Advocate with Mr. Advocate3, Advocate

versus

Delhi Development Authori...","
IN THE HIGH COURT OF DELHI AT NEW DELHI

+ RSA 6217/2018

Mrs. Gita Devi .... Petitioner/Plaintiff
Through: Mr. Advocate1, Sr. Advocate with Mr. Advocate3, Advocate

versus

Delhi Development Authority .... Respondent/Defendant
Through: Ms. Advocate2, Advocate with Ms. Advocate4, Advocate

CORAM:
JUSTICE SHARMA

JUDGMENT

1. The instant petition has been filed by the petitioner seeking judicial review of the order dated 9.9.2017.

2. The petitioner contends that the doctrine of legitimate expectation applies in the present case.

3. The petitioner has placed reliance on Article 21 of the Constitution and Order VII Rule 11 of the Civil Procedure Code.

4. On the other hand, the respondent has submitted that due process was followed in accordance with the statutory provisions.

ANALYSIS AND FINDINGS

5. This Court has carefully considered the rival submissions made by the learned counsel appearing for the parties.

6. The Supreme Court in a catena of judgments has held that Article 21 of the Constitution forms the bedrock of administrative decision-making.

7. This Court is of the considered view that the impugned action/order cannot withstand judicial scrutiny and is liable to be set aside.

CONCLUSION

8. In the result, the petition is disposed with the directions mentioned above.

9. Pending applications, if any, also stand disposed of.

10. No order as to costs.

DATED: 09-09-2018
JUSTICE SHARMA
",Disposed,RSA 6217/2018,09-09-2018,JUSTICE SHARMA
In the matter of Bharat Industries vs Income Tax Department on 02-12-2016,https://indiankanoon.org/doc/205402,"
IN THE HIGH COURT OF DELHI AT NEW DELHI

+ LPA 3637/2016

Bharat Industries .... Petitioner/Plaintiff
Through: Mr. Advocate1, Sr. Advocate with Mr. Advocate3, Advocate

versus

Income Tax Department ...","
IN THE HIGH COURT OF DELHI AT NEW DELHI

+ LPA 3637/2016

Bharat Industries .... Petitioner/Plaintiff
Through: Mr. Advocate1, Sr. Advocate with Mr. Advocate3, Advocate

versus

Income Tax Department .... Respondent/Defendant
Through: Ms. Advocate2, Advocate with Ms. Advocate4, Advocate

CORAM:
JUSTICE KUMAR

JUDGMENT

1. The petitioner has filed this LPA seeking quashing of the order dated 2.12.2015 passed by the Income Tax Department.

2. The petitioner contends that there is no infirmity in the order passed by the respondent.

3. The petitioner has placed reliance on Section 482 of the Code of Criminal Procedure, Right to fair hearing and Ultra vires.

4. On the other hand, the respondent has contested the claims of the petitioner as being devoid of merit.

ANALYSIS AND FINDINGS

5. This Court has examined the record and considered the arguments advanced by the learned counsel for the parties.

6. It is a settled position of law that Section 482 of the Code of Criminal Procedure must be adhered to by all authorities when making decisions affecting rights of citizens.

7. Upon examination of the material on record, this Court finds that the respondent has acted within its jurisdiction and in accordance with law.

CONCLUSION

8. In view of the foregoing discussion, the petition is hereby allowed.

9. Pending applications, if any, also stand disposed of.

10. No order as to costs.

DATED: 02-12-2016
JUSTICE KUMAR
",Allowed,LPA 3637/2016,02-12-2016,JUSTICE KUMAR
Ramesh Kumar vs Union Of India & Ors on 25-09-2018,https://indiankanoon.org/doc/593796,"
IN THE HIGH COURT OF DELHI AT NEW DELHI

+ ARB.P. 9164/2018

Ramesh Kumar .... Petitioner/Plaintiff
Through: Mr. Advocate1, Sr. Advocate with Mr. Advocate3, Advocate

versus

Reserve Bank of India .....","
IN THE HIGH COURT OF DELHI AT NEW DELHI

+ ARB.P. 9164/2018

Ramesh Kumar .... Petitioner/Plaintiff
Through: Mr. Advocate1, Sr. Advocate with Mr. Advocate3, Advocate

versus

Reserve Bank of India .... Respondent/Defendant
Through: Ms. Advocate2, Advocate with Ms. Advocate4, Advocate

CORAM:
JUSTICE KHANNA

JUDGMENT

1. The present petition has been filed under Section 11 of the Arbitration and Conciliation Act seeking appointment of an arbitrator.

2. The petitioner contends that there is no infirmity in the order passed by the respondent.

3. The petitioner has placed reliance on Doctrine of proportionality, Doctrine of estoppel and Order VII Rule 11 of the Civil Procedure Code.

4. On the other hand, the respondent has contested the claims of the petitioner as being devoid of merit.

ANALYSIS AND FINDINGS

5. The core issue that needs to be addressed is whether the respondent has acted in accordance with the principles of natural justice.

6. It is a settled position of law that Doctrine of proportionality must be adhered to by all authorities when making decisions affecting rights of citizens.

7. The respondent has failed to consider relevant materials and has taken into account extraneous considerations while passing the impugned order.

CONCLUSION

8. In the result, the petition is partly allowed with the directions mentioned above.

9. Pending applications, if any, also stand disposed of.

10. No order as to costs.

DATED: 25-09-2018
JUSTICE KHANNA
",Partly Allowed,ARB.P. 9164/2018,25-09-2018,JUSTICE KHANNA
Delhi High Court: State of Delhi vs Enforcement Directorate,https://indiankanoon.org/doc/959739,"
IN THE HIGH COURT OF DELHI AT NEW DELHI

+ W.P.(C) 3644/2017

State of Delhi .... Petitioner/Plaintiff
Through: Mr. Advocate1, Sr. Advocate with Mr. Advocate3, Advocate

versus

Enforcement Directora...","
IN THE HIGH COURT OF DELHI AT NEW DELHI

+ W.P.(C) 3644/2017

State of Delhi .... Petitioner/Plaintiff
Through: Mr. Advocate1, Sr. Advocate with Mr. Advocate3, Advocate

versus

Enforcement Directorate .... Respondent/Defendant
Through: Ms. Advocate2, Advocate with Ms. Advocate4, Advocate

CORAM:
JUSTICE KUMAR

JUDGMENT

1. The present W.P.(C) has been filed challenging the order dated 27.7.2016 passed by the Enforcement Directorate.

2. The petitioner contends that the doctrine of legitimate expectation applies in the present case.

3. The petitioner has placed reliance on  and Order VII Rule 11 of the Civil Procedure Code.

4. On the other hand, the respondent has contended that the decision was taken after considering all relevant factors.

ANALYSIS AND FINDINGS

5. After careful consideration of the submissions made by both parties, this Court finds that there is merit in the contentions raised by the petitioner.

6. The Supreme Court in a catena of judgments has held that Order VII Rule 11 of the Civil Procedure Code forms the bedrock of administrative decision-making.

7. This Court is of the considered view that the impugned action/order cannot withstand judicial scrutiny and is liable to be set aside.

CONCLUSION

8. In the result, the petition is allowed with the directions mentioned above.

9. Pending applications, if any, also stand disposed of.

10. No order as to costs.

DATED: 27-07-2017
JUSTICE KUMAR
",Allowed,W.P.(C) 3644/2017,27-07-2017,JUSTICE KUMAR
Delhi Transport Corporation vs Union Of India & Ors on 14-08-2015,https://indiankanoon.org/doc/438431,"
IN THE HIGH COURT OF DELHI AT NEW DELHI

+ CRL.M.C. 2578/2015

Delhi Transport Corporation .... Petitioner/Plaintiff
Through: Mr. Advocate1, Sr. Advocate with Mr. Advocate3, Advocate

versus

State o...","
IN THE HIGH COURT OF DELHI AT NEW DELHI

+ CRL.M.C. 2578/2015

Delhi Transport Corporation .... Petitioner/Plaintiff
Through: Mr. Advocate1, Sr. Advocate with Mr. Advocate3, Advocate

versus

State of Delhi .... Respondent/Defendant
Through: Ms. Advocate2, Advocate with Ms. Advocate4, Advocate

CORAM:
JUSTICE KAPOOR

JUDGMENT

1. The instant petition has been filed by the petitioner seeking judicial review of the order dated 14.8.2014.

2. The petitioner contends that the respondent failed to consider relevant factors before passing the impugned order.

3. The petitioner has placed reliance on  and Article 19(1)(g) of the Constitution.

4. On the other hand, the respondent has denied any violation of statutory provisions or principles of natural justice.

ANALYSIS AND FINDINGS

5. This Court has carefully considered the rival submissions made by the learned counsel appearing for the parties.

6. As per the settled legal position, Article 19(1)(g) of the Constitution cannot be circumvented by executive action.

7. Upon examination of the material on record, this Court finds that the respondent has acted within its jurisdiction and in accordance with law.

CONCLUSION

8. For the reasons stated above, this Court is of the view that the petition deserves to be dismissed.

9. Pending applications, if any, also stand disposed of.

10. No order as to costs.

DATED: 14-08-2015
JUSTICE KAPOOR
",Dismissed,CRL.M.C. 2578/2015,14-08-2015,JUSTICE KAPOOR
Delhi High Court: Delhi Transport Corporation vs Delhi Jal Board,https://indiankanoon.org/doc/171611,"
IN THE HIGH COURT OF DELHI AT NEW DELHI

+ CRL.A. 7855/2019

Delhi Transport Corporation .... Petitioner/Plaintiff
Through: Mr. Advocate1, Sr. Advocate with Mr. Advocate3, Advocate

versus

Delhi Jal...","
IN THE HIGH COURT OF DELHI AT NEW DELHI

+ CRL.A. 7855/2019

Delhi Transport Corporation .... Petitioner/Plaintiff
Through: Mr. Advocate1, Sr. Advocate with Mr. Advocate3, Advocate

versus

Delhi Jal Board .... Respondent/Defendant
Through: Ms. Advocate2, Advocate with Ms. Advocate4, Advocate

CORAM:
JUSTICE SHARMA

JUDGMENT

1. The present CRL.A. has been filed challenging the order dated 15.5.2018 passed by the Delhi Jal Board.

2. The petitioner contends that the respondent failed to consider relevant factors before passing the impugned order.

3. The petitioner has placed reliance on Article 14 of the Constitution and Right to fair hearing.

4. On the other hand, the respondent has contested the claims of the petitioner as being devoid of merit.

ANALYSIS AND FINDINGS

5. This Court has examined the record and considered the arguments advanced by the learned counsel for the parties.

6. The principle of Article 14 of the Constitution is well-established and has been consistently followed by this Court.

7. While the action of the respondent is not entirely without basis, certain aspects need reconsideration in light of the legal principles discussed above.

CONCLUSION

8. For the reasons stated above, this Court is of the view that the petition deserves to be allowed.

9. Pending applications, if any, also stand disposed of.

10. No order as to costs.

DATED: 15-05-2019
JUSTICE SHARMA
",Allowed,CRL.A. 7855/2019,15-05-2019,JUSTICE SHARMA
LPA 8366/2019: Ramesh Kumar vs BSES Yamuna Power Ltd,https://indiankanoon.org/doc/494280,"
IN THE HIGH COURT OF DELHI AT NEW DELHI

+ LPA 8366/2019

Ramesh Kumar .... Petitioner/Plaintiff
Through: Mr. Advocate1, Sr. Advocate with Mr. Advocate3, Advocate

versus

BSES Yamuna Power Ltd .... ...","
IN THE HIGH COURT OF DELHI AT NEW DELHI

+ LPA 8366/2019

Ramesh Kumar .... Petitioner/Plaintiff
Through: Mr. Advocate1, Sr. Advocate with Mr. Advocate3, Advocate

versus

BSES Yamuna Power Ltd .... Respondent/Defendant
Through: Ms. Advocate2, Advocate with Ms. Advocate4, Advocate

CORAM:
JUSTICE SHARMA

JUDGMENT

1. The petitioner has filed this LPA seeking quashing of the order dated 28.11.2018 passed by the BSES Yamuna Power Ltd.

2. The petitioner contends that the doctrine of legitimate expectation applies in the present case.

3. The petitioner has placed reliance on Order VII Rule 11 of the Civil Procedure Code, Right to fair hearing and Article 14 of the Constitution.

4. On the other hand, the respondent has denied any violation of statutory provisions or principles of natural justice.

ANALYSIS AND FINDINGS

5. This Court has examined the record and considered the arguments advanced by the learned counsel for the parties.

6. It is a settled position of law that Order VII Rule 11 of the Civil Procedure Code must be adhered to by all authorities when making decisions affecting rights of citizens.

7. This Court is of the considered view that the impugned action/order cannot withstand judicial scrutiny and is liable to be set aside.

CONCLUSION

8. In view of the foregoing discussion, the petition is hereby disposed.

9. Pending applications, if any, also stand disposed of.

10. No order as to costs.

DATED: 28-11-2019
JUSTICE SHARMA
",Disposed,LPA 8366/2019,28-11-2019,JUSTICE SHARMA
Delhi High Court: Indus Corporation vs Central Board of Direct Taxes,https://indiankanoon.org/doc/992105,"
IN THE HIGH COURT OF DELHI AT NEW DELHI

+ RFA 7048/2021

Indus Corporation .... Petitioner/Plaintiff
Through: Mr. Advocate1, Sr. Advocate with Mr. Advocate3, Advocate

versus

Central Board of Direc...","
IN THE HIGH COURT OF DELHI AT NEW DELHI

+ RFA 7048/2021

Indus Corporation .... Petitioner/Plaintiff
Through: Mr. Advocate1, Sr. Advocate with Mr. Advocate3, Advocate

versus

Central Board of Direct Taxes .... Respondent/Defendant
Through: Ms. Advocate2, Advocate with Ms. Advocate4, Advocate

CORAM:
JUSTICE BHAT

JUDGMENT

1. The instant petition has been filed by the petitioner seeking judicial review of the order dated 18.3.2020.

2. The petitioner contends that there is a patent error apparent on the face of the record.

3. The petitioner has placed reliance on Article 14 of the Constitution and Order VII Rule 11 of the Civil Procedure Code.

4. On the other hand, the respondent has submitted that due process was followed in accordance with the statutory provisions.

ANALYSIS AND FINDINGS

5. This Court has carefully considered the rival submissions made by the learned counsel appearing for the parties.

6. The law regarding Order VII Rule 11 of the Civil Procedure Code has been well-settled by the Supreme Court in numerous decisions.

7. While the action of the respondent is not entirely without basis, certain aspects need reconsideration in light of the legal principles discussed above.

CONCLUSION

8. In the result, the petition is partly allowed with the directions mentioned above.

9. Pending applications, if any, also stand disposed of.

10. No order as to costs.

DATED: 18-03-2021
JUSTICE BHAT
",Partly Allowed,RFA 7048/2021,18-03-2021,JUSTICE BHAT
Mr. Anil Sharma vs State & Ors on 13-06-2023,https://indiankanoon.org/doc/366271,"
IN THE HIGH COURT OF DELHI AT NEW DELHI

+ RSA 3845/2023

Mr. Anil Sharma .... Petitioner/Plaintiff
Through: Mr. Advocate1, Sr. Advocate with Mr. Advocate3, Advocate

versus

Delhi Jal Board .... Res...","
IN THE HIGH COURT OF DELHI AT NEW DELHI

+ RSA 3845/2023

Mr. Anil Sharma .... Petitioner/Plaintiff
Through: Mr. Advocate1, Sr. Advocate with Mr. Advocate3, Advocate

versus

Delhi Jal Board .... Respondent/Defendant
Through: Ms. Advocate2, Advocate with Ms. Advocate4, Advocate

CORAM:
JUSTICE GUPTA

JUDGMENT

1. The instant petition has been filed by the petitioner seeking judicial review of the order dated 13.6.2022.

2. The petitioner contends that the principle of natural justice was not followed by the respondent.

3. The petitioner has placed reliance on Order VII Rule 11 of the Civil Procedure Code and Section 34 of the Arbitration and Conciliation Act.

4. On the other hand, the respondent has submitted that due process was followed in accordance with the statutory provisions.

ANALYSIS AND FINDINGS

5. This Court has carefully considered the rival submissions made by the learned counsel appearing for the parties.

6. The law regarding Order VII Rule 11 of the Civil Procedure Code has been well-settled by the Supreme Court in numerous decisions.

7. The procedure followed by the respondent is in consonance with the principles of natural justice and does not warrant interference.

CONCLUSION

8. In view of the foregoing discussion, the petition is hereby allowed.

9. Pending applications, if any, also stand disposed of.

10. No order as to costs.

DATED: 13-06-2023
JUSTICE GUPTA
",Allowed,RSA 3845/2023,13-06-2023,JUSTICE GUPTA
Mrs. Gita Devi vs Union Of India & Ors on 03-04-2020,https://indiankanoon.org/doc/491090,"
IN THE HIGH COURT OF DELHI AT NEW DELHI

+ ARB.P. 9743/2020

Mrs. Gita Devi .... Petitioner/Plaintiff
Through: Mr. Advocate1, Sr. Advocate with Mr. Advocate3, Advocate

versus

XYZ Corporation .... R...","
IN THE HIGH COURT OF DELHI AT NEW DELHI

+ ARB.P. 9743/2020

Mrs. Gita Devi .... Petitioner/Plaintiff
Through: Mr. Advocate1, Sr. Advocate with Mr. Advocate3, Advocate

versus

XYZ Corporation .... Respondent/Defendant
Through: Ms. Advocate2, Advocate with Ms. Advocate4, Advocate

CORAM:
JUSTICE SHARMA

JUDGMENT

1. This petition has been filed under Section 34 of the Arbitration and Conciliation Act challenging the award dated 3.4.2019.

2. The petitioner contends that the impugned action violates the petitioner's fundamental rights under Part III of the Constitution.

3. The petitioner has placed reliance on Doctrine of proportionality and Section 9 of the Code of Civil Procedure.

4. On the other hand, the respondent has contended that the decision was taken after considering all relevant factors.

ANALYSIS AND FINDINGS

5. This Court has carefully considered the rival submissions made by the learned counsel appearing for the parties.

6. The Supreme Court in a catena of judgments has held that Doctrine of proportionality forms the bedrock of administrative decision-making.

7. The respondent has failed to consider relevant materials and has taken into account extraneous considerations while passing the impugned order.

CONCLUSION

8. In light of the above findings, the petition is disposed.

9. Pending applications, if any, also stand disposed of.

10. No order as to costs.

DATED: 03-04-2020
JUSTICE SHARMA
",Disposed,ARB.P. 9743/2020,03-04-2020,JUSTICE SHARMA
Sharma Trading Co. vs State & Ors on 26-02-2016,https://indiankanoon.org/doc/514859,"
IN THE HIGH COURT OF DELHI AT NEW DELHI

+ ARB.P. 7252/2016

Sharma Trading Co. .... Petitioner/Plaintiff
Through: Mr. Advocate1, Sr. Advocate with Mr. Advocate3, Advocate

versus

BSES Yamuna Power ...","
IN THE HIGH COURT OF DELHI AT NEW DELHI

+ ARB.P. 7252/2016

Sharma Trading Co. .... Petitioner/Plaintiff
Through: Mr. Advocate1, Sr. Advocate with Mr. Advocate3, Advocate

versus

BSES Yamuna Power Ltd .... Respondent/Defendant
Through: Ms. Advocate2, Advocate with Ms. Advocate4, Advocate

CORAM:
JUSTICE GUPTA

JUDGMENT

1. The present petition has been filed under Section 11 of the Arbitration and Conciliation Act seeking appointment of an arbitrator.

2. The petitioner contends that the action of the respondent is ultra vires the provisions of the Act.

3. The petitioner has placed reliance on Article 21 of the Constitution, Doctrine of proportionality and Article 14 of the Constitution.

4. On the other hand, the respondent has argued that the petitioner has suppressed material facts.

ANALYSIS AND FINDINGS

5. This Court has carefully considered the rival submissions made by the learned counsel appearing for the parties.

6. The principle of Doctrine of proportionality is well-established and has been consistently followed by this Court.

7. This Court is of the considered view that the impugned action/order cannot withstand judicial scrutiny and is liable to be set aside.

CONCLUSION

8. In light of the above findings, the petition is dismissed.

9. Pending applications, if any, also stand disposed of.

10. No order as to costs.

DATED: 26-02-2016
JUSTICE GUPTA
",Dismissed,ARB.P. 7252/2016,26-02-2016,JUSTICE GUPTA
State of Delhi vs State & Ors on 21-04-2023,https://indiankanoon.org/doc/668530,"
IN THE HIGH COURT OF DELHI AT NEW DELHI

+ O.M.P. 2347/2023

State of Delhi .... Petitioner/Plaintiff
Through: Mr. Advocate1, Sr. Advocate with Mr. Advocate3, Advocate

versus

Indian Railways .... R...","
IN THE HIGH COURT OF DELHI AT NEW DELHI

+ O.M.P. 2347/2023

State of Delhi .... Petitioner/Plaintiff
Through: Mr. Advocate1, Sr. Advocate with Mr. Advocate3, Advocate

versus

Indian Railways .... Respondent/Defendant
Through: Ms. Advocate2, Advocate with Ms. Advocate4, Advocate

CORAM:
JUSTICE GUPTA

JUDGMENT

1. The plaintiff has filed this suit seeking damages for breach of contract dated 21.4.2021.

2. The petitioner contends that there is a patent error apparent on the face of the record.

3. The petitioner has placed reliance on Article 14 of the Constitution and Section 482 of the Code of Criminal Procedure.

4. On the other hand, the respondent has denied any violation of statutory provisions or principles of natural justice.

ANALYSIS AND FINDINGS

5. This Court has carefully considered the rival submissions made by the learned counsel appearing for the parties.

6. It is a settled position of law that Article 14 of the Constitution must be adhered to by all authorities when making decisions affecting rights of citizens.

7. The respondent has failed to consider relevant materials and has taken into account extraneous considerations while passing the impugned order.

CONCLUSION

8. In the result, the petition is settled with the directions mentioned above.

9. Pending applications, if any, also stand disposed of.

10. No order as to costs.

DATED: 21-04-2023
JUSTICE GUPTA
",Settled,O.M.P. 2347/2023,21-04-2023,JUSTICE GUPTA
Ramesh Kumar vs Union Of India & Ors on 23-01-2015,https://indiankanoon.org/doc/201604,"
IN THE HIGH COURT OF DELHI AT NEW DELHI

+ RSA 9863/2015

Ramesh Kumar .... Petitioner/Plaintiff
Through: Mr. Advocate1, Sr. Advocate with Mr. Advocate3, Advocate

versus

Municipal Corporation of De...","
IN THE HIGH COURT OF DELHI AT NEW DELHI

+ RSA 9863/2015

Ramesh Kumar .... Petitioner/Plaintiff
Through: Mr. Advocate1, Sr. Advocate with Mr. Advocate3, Advocate

versus

Municipal Corporation of Delhi .... Respondent/Defendant
Through: Ms. Advocate2, Advocate with Ms. Advocate4, Advocate

CORAM:
JUSTICE MISHRA

JUDGMENT

1. The instant petition has been filed by the petitioner seeking judicial review of the order dated 23.1.2014.

2. The petitioner contends that the doctrine of legitimate expectation applies in the present case.

3. The petitioner has placed reliance on  and Article 19(1)(g) of the Constitution.

4. On the other hand, the respondent has submitted that due process was followed in accordance with the statutory provisions.

ANALYSIS AND FINDINGS

5. After careful consideration of the submissions made by both parties, this Court finds that there is merit in the contentions raised by the petitioner.

6. The law regarding Article 19(1)(g) of the Constitution has been well-settled by the Supreme Court in numerous decisions.

7. The procedure followed by the respondent is in consonance with the principles of natural justice and does not warrant interference.

CONCLUSION

8. Consequently, the petition is disposed in terms of the above observations.

9. Pending applications, if any, also stand disposed of.

10. No order as to costs.

DATED: 23-01-2015
JUSTICE MISHRA
",Disposed,RSA 9863/2015,23-01-2015,JUSTICE MISHRA
W.P.(C) 6771/2020: ABC Pvt Ltd vs Central Board of Direct Taxes,https://indiankanoon.org/doc/345701,"
IN THE HIGH COURT OF DELHI AT NEW DELHI

+ W.P.(C) 6771/2020

ABC Pvt Ltd .... Petitioner/Plaintiff
Through: Mr. Advocate1, Sr. Advocate with Mr. Advocate3, Advocate

versus

Central Board of Direct ...","
IN THE HIGH COURT OF DELHI AT NEW DELHI

+ W.P.(C) 6771/2020

ABC Pvt Ltd .... Petitioner/Plaintiff
Through: Mr. Advocate1, Sr. Advocate with Mr. Advocate3, Advocate

versus

Central Board of Direct Taxes .... Respondent/Defendant
Through: Ms. Advocate2, Advocate with Ms. Advocate4, Advocate

CORAM:
JUSTICE MISHRA

JUDGMENT

1. This W.P.(C) has been filed seeking directions to the Central Board of Direct Taxes to take appropriate action in accordance with law.

2. The petitioner contends that the impugned order is arbitrary and violative of Article 14 of the Constitution.

3. The petitioner has placed reliance on  and Ultra vires.

4. On the other hand, the respondent has contended that the decision was taken after considering all relevant factors.

ANALYSIS AND FINDINGS

5. The core issue that needs to be addressed is whether the respondent has acted in accordance with the principles of natural justice.

6. The Supreme Court in a catena of judgments has held that Ultra vires forms the bedrock of administrative decision-making.

7. In the present case, the Court finds that the impugned order suffers from patent illegality and arbitrariness.

CONCLUSION

8. In view of the foregoing discussion, the petition is hereby allowed.

9. Pending applications, if any, also stand disposed of.

10. No order as to costs.

DATED: 13-07-2020
JUSTICE MISHRA
",Allowed,W.P.(C) 6771/2020,13-07-2020,JUSTICE MISHRA
ABC Pvt Ltd vs Union Of India & Ors on 16-11-2020,https://indiankanoon.org/doc/807990,"
IN THE HIGH COURT OF DELHI AT NEW DELHI

+ CRL.A. 8727/2020

ABC Pvt Ltd .... Petitioner/Plaintiff
Through: Mr. Advocate1, Sr. Advocate with Mr. Advocate3, Advocate

versus

BSES Yamuna Power Ltd ......","
IN THE HIGH COURT OF DELHI AT NEW DELHI

+ CRL.A. 8727/2020

ABC Pvt Ltd .... Petitioner/Plaintiff
Through: Mr. Advocate1, Sr. Advocate with Mr. Advocate3, Advocate

versus

BSES Yamuna Power Ltd .... Respondent/Defendant
Through: Ms. Advocate2, Advocate with Ms. Advocate4, Advocate

CORAM:
JUSTICE GUPTA

JUDGMENT

1. This CRL.A. has been filed seeking directions to the BSES Yamuna Power Ltd to take appropriate action in accordance with law.

2. The petitioner contends that the respondent failed to consider relevant factors before passing the impugned order.

3. The petitioner has placed reliance on Principles of res judicata and Order VII Rule 11 of the Civil Procedure Code.

4. On the other hand, the respondent has argued that the petition is not maintainable on grounds of limitation and alternative remedy.

ANALYSIS AND FINDINGS

5. After careful consideration of the submissions made by both parties, this Court finds that there is merit in the contentions raised by the petitioner.

6. The Supreme Court in a catena of judgments has held that Order VII Rule 11 of the Civil Procedure Code forms the bedrock of administrative decision-making.

7. The procedure followed by the respondent is in consonance with the principles of natural justice and does not warrant interference.

CONCLUSION

8. In light of the above findings, the petition is partly allowed.

9. Pending applications, if any, also stand disposed of.

10. No order as to costs.

DATED: 16-11-2020
JUSTICE GUPTA
",Partly Allowed,CRL.A. 8727/2020,16-11-2020,JUSTICE GUPTA
Ramesh Kumar vs Union Of India & Ors on 22-09-2022,https://indiankanoon.org/doc/288678,"
IN THE HIGH COURT OF DELHI AT NEW DELHI

+ CRL.M.C. 8436/2022

Ramesh Kumar .... Petitioner/Plaintiff
Through: Mr. Advocate1, Sr. Advocate with Mr. Advocate3, Advocate

versus

Mr. Rajiv Mehta .... R...","
IN THE HIGH COURT OF DELHI AT NEW DELHI

+ CRL.M.C. 8436/2022

Ramesh Kumar .... Petitioner/Plaintiff
Through: Mr. Advocate1, Sr. Advocate with Mr. Advocate3, Advocate

versus

Mr. Rajiv Mehta .... Respondent/Defendant
Through: Ms. Advocate2, Advocate with Ms. Advocate4, Advocate

CORAM:
JUSTICE REDDY

JUDGMENT

1. The instant petition has been filed by the petitioner seeking judicial review of the order dated 22.9.2021.

2. The petitioner contends that the respondent failed to consider relevant factors before passing the impugned order.

3. The petitioner has placed reliance on  and Ultra vires.

4. On the other hand, the respondent has contended that the decision was taken after considering all relevant factors.

ANALYSIS AND FINDINGS

5. This Court has examined the record and considered the arguments advanced by the learned counsel for the parties.

6. The principle of Ultra vires is well-established and has been consistently followed by this Court.

7. In the present case, the Court finds that the impugned order suffers from patent illegality and arbitrariness.

CONCLUSION

8. Consequently, the petition is allowed in terms of the above observations.

9. Pending applications, if any, also stand disposed of.

10. No order as to costs.

DATED: 22-09-2022
JUSTICE REDDY
",Allowed,CRL.M.C. 8436/2022,22-09-2022,JUSTICE REDDY
Delhi High Court: Indus Corporation vs Delhi Electricity Regulatory Commission,https://indiankanoon.org/doc/655203,"
IN THE HIGH COURT OF DELHI AT NEW DELHI

+ CRL.M.C. 3145/2015

Indus Corporation .... Petitioner/Plaintiff
Through: Mr. Advocate1, Sr. Advocate with Mr. Advocate3, Advocate

versus

Delhi Electricity...","
IN THE HIGH COURT OF DELHI AT NEW DELHI

+ CRL.M.C. 3145/2015

Indus Corporation .... Petitioner/Plaintiff
Through: Mr. Advocate1, Sr. Advocate with Mr. Advocate3, Advocate

versus

Delhi Electricity Regulatory Commission .... Respondent/Defendant
Through: Ms. Advocate2, Advocate with Ms. Advocate4, Advocate

CORAM:
JUSTICE GUPTA

JUDGMENT

1. The instant petition has been filed by the petitioner seeking judicial review of the order dated 4.2.2014.

2. The petitioner contends that the principle of natural justice was not followed by the respondent.

3. The petitioner has placed reliance on Right to fair hearing and Doctrine of estoppel.

4. On the other hand, the respondent has argued that the petitioner has suppressed material facts.

ANALYSIS AND FINDINGS

5. The question that arises for consideration is whether the impugned order suffers from any infirmity warranting interference by this Court.

6. The Supreme Court in a catena of judgments has held that Doctrine of estoppel forms the bedrock of administrative decision-making.

7. The procedure followed by the respondent is in consonance with the principles of natural justice and does not warrant interference.

CONCLUSION

8. In the result, the petition is allowed with the directions mentioned above.

9. Pending applications, if any, also stand disposed of.

10. No order as to costs.

DATED: 04-02-2015
JUSTICE GUPTA
",Allowed,CRL.M.C. 3145/2015,04-02-2015,JUSTICE GUPTA
In the matter of Mrs. Gita Devi vs Municipal Corporation of Delhi on 06-07-2019,https://indiankanoon.org/doc/353125,"
IN THE HIGH COURT OF DELHI AT NEW DELHI

+ ARB.P. 1430/2019

Mrs. Gita Devi .... Petitioner/Plaintiff
Through: Mr. Advocate1, Sr. Advocate with Mr. Advocate3, Advocate

versus

Municipal Corporation ...","
IN THE HIGH COURT OF DELHI AT NEW DELHI

+ ARB.P. 1430/2019

Mrs. Gita Devi .... Petitioner/Plaintiff
Through: Mr. Advocate1, Sr. Advocate with Mr. Advocate3, Advocate

versus

Municipal Corporation of Delhi .... Respondent/Defendant
Through: Ms. Advocate2, Advocate with Ms. Advocate4, Advocate

CORAM:
JUSTICE REDDY

JUDGMENT

1. The present petition has been filed under Section 11 of the Arbitration and Conciliation Act seeking appointment of an arbitrator.

2. The petitioner contends that the impugned order is passed without jurisdiction.

3. The petitioner has placed reliance on  and Section 482 of the Code of Criminal Procedure.

4. On the other hand, the respondent has submitted that due process was followed in accordance with the statutory provisions.

ANALYSIS AND FINDINGS

5. The question that arises for consideration is whether the impugned order suffers from any infirmity warranting interference by this Court.

6. It is a settled position of law that Section 482 of the Code of Criminal Procedure must be adhered to by all authorities when making decisions affecting rights of citizens.

7. The respondent has failed to consider relevant materials and has taken into account extraneous considerations while passing the impugned order.

CONCLUSION

8. Consequently, the petition is allowed in terms of the above observations.

9. Pending applications, if any, also stand disposed of.

10. No order as to costs.

DATED: 06-07-2019
JUSTICE REDDY
",Allowed,ARB.P. 1430/2019,06-07-2019,JUSTICE REDDY
Delhi Metro Rail Corporation vs State & Ors on 10-09-2022,https://indiankanoon.org/doc/875073,"
IN THE HIGH COURT OF DELHI AT NEW DELHI

+ CRL.M.C. 9600/2022

Delhi Metro Rail Corporation .... Petitioner/Plaintiff
Through: Mr. Advocate1, Sr. Advocate with Mr. Advocate3, Advocate

versus

State ...","
IN THE HIGH COURT OF DELHI AT NEW DELHI

+ CRL.M.C. 9600/2022

Delhi Metro Rail Corporation .... Petitioner/Plaintiff
Through: Mr. Advocate1, Sr. Advocate with Mr. Advocate3, Advocate

versus

State of Delhi .... Respondent/Defendant
Through: Ms. Advocate2, Advocate with Ms. Advocate4, Advocate

CORAM:
JUSTICE MISHRA

JUDGMENT

1. The instant petition has been filed by the petitioner seeking judicial review of the order dated 10.9.2021.

2. The petitioner contends that there is no infirmity in the order passed by the respondent.

3. The petitioner has placed reliance on Article 14 of the Constitution and Article 21 of the Constitution.

4. On the other hand, the respondent has contested the claims of the petitioner as being devoid of merit.

ANALYSIS AND FINDINGS

5. The core issue that needs to be addressed is whether the respondent has acted in accordance with the principles of natural justice.

6. The law regarding Article 21 of the Constitution has been well-settled by the Supreme Court in numerous decisions.

7. While the action of the respondent is not entirely without basis, certain aspects need reconsideration in light of the legal principles discussed above.

CONCLUSION

8. Consequently, the petition is dismissed in terms of the above observations.

9. Pending applications, if any, also stand disposed of.

10. No order as to costs.

DATED: 10-09-2022
JUSTICE MISHRA
",Dismissed,CRL.M.C. 9600/2022,10-09-2022,JUSTICE MISHRA
State Bank of India vs Union Of India & Ors on 21-05-2022,https://indiankanoon.org/doc/808826,"
IN THE HIGH COURT OF DELHI AT NEW DELHI

+ O.M.P. 9032/2022

State Bank of India .... Petitioner/Plaintiff
Through: Mr. Advocate1, Sr. Advocate with Mr. Advocate3, Advocate

versus

Municipal Corpora...","
IN THE HIGH COURT OF DELHI AT NEW DELHI

+ O.M.P. 9032/2022

State Bank of India .... Petitioner/Plaintiff
Through: Mr. Advocate1, Sr. Advocate with Mr. Advocate3, Advocate

versus

Municipal Corporation of Delhi .... Respondent/Defendant
Through: Ms. Advocate2, Advocate with Ms. Advocate4, Advocate

CORAM:
JUSTICE MALHOTRA

JUDGMENT

1. The present suit has been filed by the plaintiff seeking recovery of amounts due under an agreement dated 21.5.2020.

2. The petitioner contends that the petitioner has failed to establish a prima facie case for interference.

3. The petitioner has placed reliance on Article 14 of the Constitution and Principles of natural justice.

4. On the other hand, the respondent has contested the claims of the petitioner as being devoid of merit.

ANALYSIS AND FINDINGS

5. The core issue that needs to be addressed is whether the respondent has acted in accordance with the principles of natural justice.

6. As per the settled legal position, Principles of natural justice cannot be circumvented by executive action.

7. This Court is of the considered view that the impugned action/order cannot withstand judicial scrutiny and is liable to be set aside.

CONCLUSION

8. In light of the above findings, the petition is dismissed.

9. Pending applications, if any, also stand disposed of.

10. No order as to costs.

DATED: 21-05-2022
JUSTICE MALHOTRA
",Dismissed,O.M.P. 9032/2022,21-05-2022,JUSTICE MALHOTRA
Bharat Industries vs Union Of India & Ors on 28-01-2017,https://indiankanoon.org/doc/952910,"
IN THE HIGH COURT OF DELHI AT NEW DELHI

+ RFA 5662/2017

Bharat Industries .... Petitioner/Plaintiff
Through: Mr. Advocate1, Sr. Advocate with Mr. Advocate3, Advocate

versus

Municipal Corporation ...","
IN THE HIGH COURT OF DELHI AT NEW DELHI

+ RFA 5662/2017

Bharat Industries .... Petitioner/Plaintiff
Through: Mr. Advocate1, Sr. Advocate with Mr. Advocate3, Advocate

versus

Municipal Corporation of Delhi .... Respondent/Defendant
Through: Ms. Advocate2, Advocate with Ms. Advocate4, Advocate

CORAM:
JUSTICE MALHOTRA

JUDGMENT

1. The instant petition has been filed by the petitioner seeking judicial review of the order dated 28.1.2016.

2. The petitioner contends that the action of the respondent is ultra vires the provisions of the Act.

3. The petitioner has placed reliance on Section 34 of the Arbitration and Conciliation Act and Doctrine of proportionality.

4. On the other hand, the respondent has argued that the petitioner has suppressed material facts.

ANALYSIS AND FINDINGS

5. This Court has carefully considered the rival submissions made by the learned counsel appearing for the parties.

6. The Supreme Court in a catena of judgments has held that Doctrine of proportionality forms the bedrock of administrative decision-making.

7. Upon examination of the material on record, this Court finds that the respondent has acted within its jurisdiction and in accordance with law.

CONCLUSION

8. For the reasons stated above, this Court is of the view that the petition deserves to be dismissed.

9. Pending applications, if any, also stand disposed of.

10. No order as to costs.

DATED: 28-01-2017
JUSTICE MALHOTRA
",Dismissed,RFA 5662/2017,28-01-2017,JUSTICE MALHOTRA
Indus Corporation vs Union Of India & Ors on 01-02-2020,https://indiankanoon.org/doc/876556,"
IN THE HIGH COURT OF DELHI AT NEW DELHI

+ FAO 7610/2020

Indus Corporation .... Petitioner/Plaintiff
Through: Mr. Advocate1, Sr. Advocate with Mr. Advocate3, Advocate

versus

XYZ Corporation .... R...","
IN THE HIGH COURT OF DELHI AT NEW DELHI

+ FAO 7610/2020

Indus Corporation .... Petitioner/Plaintiff
Through: Mr. Advocate1, Sr. Advocate with Mr. Advocate3, Advocate

versus

XYZ Corporation .... Respondent/Defendant
Through: Ms. Advocate2, Advocate with Ms. Advocate4, Advocate

CORAM:
JUSTICE SINGH

JUDGMENT

1. The instant petition has been filed by the petitioner seeking judicial review of the order dated 1.2.2019.

2. The petitioner contends that there is no infirmity in the order passed by the respondent.

3. The petitioner has placed reliance on Order VII Rule 11 of the Civil Procedure Code and Doctrine of legitimate expectation.

4. On the other hand, the respondent has contested the claims of the petitioner as being devoid of merit.

ANALYSIS AND FINDINGS

5. This Court has examined the record and considered the arguments advanced by the learned counsel for the parties.

6. The Supreme Court in a catena of judgments has held that Order VII Rule 11 of the Civil Procedure Code forms the bedrock of administrative decision-making.

7. This Court is of the considered view that the impugned action/order cannot withstand judicial scrutiny and is liable to be set aside.

CONCLUSION

8. In view of the foregoing discussion, the petition is hereby disposed.

9. Pending applications, if any, also stand disposed of.

10. No order as to costs.

DATED: 01-02-2020
JUSTICE SINGH
",Disposed,FAO 7610/2020,01-02-2020,JUSTICE SINGH
Delhi High Court: Mrs. Gita Devi vs Reserve Bank of India,https://indiankanoon.org/doc/904779,"
IN THE HIGH COURT OF DELHI AT NEW DELHI

+ CRL.M.C. 3046/2015

Mrs. Gita Devi .... Petitioner/Plaintiff
Through: Mr. Advocate1, Sr. Advocate with Mr. Advocate3, Advocate

versus

Reserve Bank of Indi...","
IN THE HIGH COURT OF DELHI AT NEW DELHI

+ CRL.M.C. 3046/2015

Mrs. Gita Devi .... Petitioner/Plaintiff
Through: Mr. Advocate1, Sr. Advocate with Mr. Advocate3, Advocate

versus

Reserve Bank of India .... Respondent/Defendant
Through: Ms. Advocate2, Advocate with Ms. Advocate4, Advocate

CORAM:
JUSTICE SINGH

JUDGMENT

1. The instant petition has been filed by the petitioner seeking judicial review of the order dated 4.11.2014.

2. The petitioner contends that there is no infirmity in the order passed by the respondent.

3. The petitioner has placed reliance on Doctrine of estoppel, Principles of res judicata and Article 14 of the Constitution.

4. On the other hand, the respondent has contested the claims of the petitioner as being devoid of merit.

ANALYSIS AND FINDINGS

5. This Court has carefully considered the rival submissions made by the learned counsel appearing for the parties.

6. The Supreme Court in a catena of judgments has held that Principles of res judicata forms the bedrock of administrative decision-making.

7. The procedure followed by the respondent is in consonance with the principles of natural justice and does not warrant interference.

CONCLUSION

8. In light of the above findings, the petition is settled.

9. Pending applications, if any, also stand disposed of.

10. No order as to costs.

DATED: 04-11-2015
JUSTICE SINGH
",Settled,CRL.M.C. 3046/2015,04-11-2015,JUSTICE SINGH
CS 2269/2021: Bharat Industries vs Delhi Jal Board,https://indiankanoon.org/doc/372283,"
IN THE HIGH COURT OF DELHI AT NEW DELHI

+ CS 2269/2021

Bharat Industries .... Petitioner/Plaintiff
Through: Mr. Advocate1, Sr. Advocate with Mr. Advocate3, Advocate

versus

Delhi Jal Board .... Re...","
IN THE HIGH COURT OF DELHI AT NEW DELHI

+ CS 2269/2021

Bharat Industries .... Petitioner/Plaintiff
Through: Mr. Advocate1, Sr. Advocate with Mr. Advocate3, Advocate

versus

Delhi Jal Board .... Respondent/Defendant
Through: Ms. Advocate2, Advocate with Ms. Advocate4, Advocate

CORAM:
JUSTICE MISHRA

JUDGMENT

1. This CS has been filed seeking specific performance of the agreement dated 21.3.2019.

2. The petitioner contends that the principle of natural justice was not followed by the respondent.

3. The petitioner has placed reliance on Ultra vires, Right to fair hearing and Article 21 of the Constitution.

4. On the other hand, the respondent has argued that the petitioner has suppressed material facts.

ANALYSIS AND FINDINGS

5. This Court has carefully considered the rival submissions made by the learned counsel appearing for the parties.

6. The principle of Article 21 of the Constitution is well-established and has been consistently followed by this Court.

7. This Court is of the considered view that the impugned action/order cannot withstand judicial scrutiny and is liable to be set aside.

CONCLUSION

8. In the result, the petition is disposed with the directions mentioned above.

9. Pending applications, if any, also stand disposed of.

10. No order as to costs.

DATED: 21-03-2021
JUSTICE MISHRA
",Disposed,CS 2269/2021,21-03-2021,JUSTICE MISHRA
Mr. Anil Sharma vs State & Ors on 26-05-2015,https://indiankanoon.org/doc/344841,"
IN THE HIGH COURT OF DELHI AT NEW DELHI

+ ARB.P. 2372/2015

Mr. Anil Sharma .... Petitioner/Plaintiff
Through: Mr. Advocate1, Sr. Advocate with Mr. Advocate3, Advocate

versus

Union of India .... R...","
IN THE HIGH COURT OF DELHI AT NEW DELHI

+ ARB.P. 2372/2015

Mr. Anil Sharma .... Petitioner/Plaintiff
Through: Mr. Advocate1, Sr. Advocate with Mr. Advocate3, Advocate

versus

Union of India .... Respondent/Defendant
Through: Ms. Advocate2, Advocate with Ms. Advocate4, Advocate

CORAM:
JUSTICE GUPTA

JUDGMENT

1. The petitioner has filed this petition under Section 9 of the Arbitration and Conciliation Act seeking interim measures.

2. The petitioner contends that the principle of natural justice was not followed by the respondent.

3. The petitioner has placed reliance on Article 14 of the Constitution, Right to fair hearing and Section 34 of the Arbitration and Conciliation Act.

4. On the other hand, the respondent has submitted that due process was followed in accordance with the statutory provisions.

ANALYSIS AND FINDINGS

5. The question that arises for consideration is whether the impugned order suffers from any infirmity warranting interference by this Court.

6. As per the settled legal position, Right to fair hearing cannot be circumvented by executive action.

7. This Court is of the considered view that the impugned action/order cannot withstand judicial scrutiny and is liable to be set aside.

CONCLUSION

8. For the reasons stated above, this Court is of the view that the petition deserves to be settled.

9. Pending applications, if any, also stand disposed of.

10. No order as to costs.

DATED: 26-05-2015
JUSTICE GUPTA
",Settled,ARB.P. 2372/2015,26-05-2015,JUSTICE GUPTA
In the matter of Sharma Trading Co. vs Delhi Development Authority on 21-06-2022,https://indiankanoon.org/doc/314515,"
IN THE HIGH COURT OF DELHI AT NEW DELHI

+ LPA 1558/2022

Sharma Trading Co. .... Petitioner/Plaintiff
Through: Mr. Advocate1, Sr. Advocate with Mr. Advocate3, Advocate

versus

Delhi Development Aut...","
IN THE HIGH COURT OF DELHI AT NEW DELHI

+ LPA 1558/2022

Sharma Trading Co. .... Petitioner/Plaintiff
Through: Mr. Advocate1, Sr. Advocate with Mr. Advocate3, Advocate

versus

Delhi Development Authority .... Respondent/Defendant
Through: Ms. Advocate2, Advocate with Ms. Advocate4, Advocate

CORAM:
JUSTICE REDDY

JUDGMENT

1. This LPA has been filed seeking directions to the Delhi Development Authority to take appropriate action in accordance with law.

2. The petitioner contends that the impugned order is passed without jurisdiction.

3. The petitioner has placed reliance on  and Section 482 of the Code of Criminal Procedure.

4. On the other hand, the respondent has argued that the petition is not maintainable on grounds of limitation and alternative remedy.

ANALYSIS AND FINDINGS

5. The core issue that needs to be addressed is whether the respondent has acted in accordance with the principles of natural justice.

6. The law regarding Section 482 of the Code of Criminal Procedure has been well-settled by the Supreme Court in numerous decisions.

7. While the action of the respondent is not entirely without basis, certain aspects need reconsideration in light of the legal principles discussed above.

CONCLUSION

8. Consequently, the petition is partly allowed in terms of the above observations.

9. Pending applications, if any, also stand disposed of.

10. No order as to costs.

DATED: 21-06-2022
JUSTICE REDDY
",Partly Allowed,LPA 1558/2022,21-06-2022,JUSTICE REDDY
Reliance Energy Ltd vs State & Ors on 11-02-2022,https://indiankanoon.org/doc/497004,"
IN THE HIGH COURT OF DELHI AT NEW DELHI

+ W.P.(C) 2052/2022

Reliance Energy Ltd .... Petitioner/Plaintiff
Through: Mr. Advocate1, Sr. Advocate with Mr. Advocate3, Advocate

versus

XYZ Corporation ...","
IN THE HIGH COURT OF DELHI AT NEW DELHI

+ W.P.(C) 2052/2022

Reliance Energy Ltd .... Petitioner/Plaintiff
Through: Mr. Advocate1, Sr. Advocate with Mr. Advocate3, Advocate

versus

XYZ Corporation .... Respondent/Defendant
Through: Ms. Advocate2, Advocate with Ms. Advocate4, Advocate

CORAM:
JUSTICE VERMA

JUDGMENT

1. The petitioner has filed this W.P.(C) seeking quashing of the order dated 11.2.2021 passed by the XYZ Corporation.

2. The petitioner contends that the principle of natural justice was not followed by the respondent.

3. The petitioner has placed reliance on  and Order VII Rule 11 of the Civil Procedure Code.

4. On the other hand, the respondent has contended that the decision was taken after considering all relevant factors.

ANALYSIS AND FINDINGS

5. The core issue that needs to be addressed is whether the respondent has acted in accordance with the principles of natural justice.

6. The principle of Order VII Rule 11 of the Civil Procedure Code is well-established and has been consistently followed by this Court.

7. While the action of the respondent is not entirely without basis, certain aspects need reconsideration in light of the legal principles discussed above.

CONCLUSION

8. In the result, the petition is partly allowed with the directions mentioned above.

9. Pending applications, if any, also stand disposed of.

10. No order as to costs.

DATED: 11-02-2022
JUSTICE VERMA
",Partly Allowed,W.P.(C) 2052/2022,11-02-2022,JUSTICE VERMA
Sunil Enterprises vs Union Of India & Ors on 13-01-2016,https://indiankanoon.org/doc/651733,"
IN THE HIGH COURT OF DELHI AT NEW DELHI

+ CRL.M.C. 3423/2016

Sunil Enterprises .... Petitioner/Plaintiff
Through: Mr. Advocate1, Sr. Advocate with Mr. Advocate3, Advocate

versus

Municipal Corpora...","
IN THE HIGH COURT OF DELHI AT NEW DELHI

+ CRL.M.C. 3423/2016

Sunil Enterprises .... Petitioner/Plaintiff
Through: Mr. Advocate1, Sr. Advocate with Mr. Advocate3, Advocate

versus

Municipal Corporation of Delhi .... Respondent/Defendant
Through: Ms. Advocate2, Advocate with Ms. Advocate4, Advocate

CORAM:
JUSTICE KUMAR

JUDGMENT

1. The instant petition has been filed by the petitioner seeking judicial review of the order dated 13.1.2015.

2. The petitioner contends that the petition is barred by limitation.

3. The petitioner has placed reliance on Doctrine of estoppel, Article 14 of the Constitution and Doctrine of legitimate expectation.

4. On the other hand, the respondent has argued that the petition is not maintainable on grounds of limitation and alternative remedy.

ANALYSIS AND FINDINGS

5. This Court has examined the record and considered the arguments advanced by the learned counsel for the parties.

6. The Supreme Court in a catena of judgments has held that Doctrine of estoppel forms the bedrock of administrative decision-making.

7. This Court is of the considered view that the impugned action/order cannot withstand judicial scrutiny and is liable to be set aside.

CONCLUSION

8. Consequently, the petition is dismissed in terms of the above observations.

9. Pending applications, if any, also stand disposed of.

10. No order as to costs.

DATED: 13-01-2016
JUSTICE KUMAR
",Dismissed,CRL.M.C. 3423/2016,13-01-2016,JUSTICE KUMAR
Delhi High Court: Mr. Anil Sharma vs Mr. Rajiv Mehta,https://indiankanoon.org/doc/456741,"
IN THE HIGH COURT OF DELHI AT NEW DELHI

+ FAO 4054/2022

Mr. Anil Sharma .... Petitioner/Plaintiff
Through: Mr. Advocate1, Sr. Advocate with Mr. Advocate3, Advocate

versus

Mr. Rajiv Mehta .... Res...","
IN THE HIGH COURT OF DELHI AT NEW DELHI

+ FAO 4054/2022

Mr. Anil Sharma .... Petitioner/Plaintiff
Through: Mr. Advocate1, Sr. Advocate with Mr. Advocate3, Advocate

versus

Mr. Rajiv Mehta .... Respondent/Defendant
Through: Ms. Advocate2, Advocate with Ms. Advocate4, Advocate

CORAM:
JUSTICE VERMA

JUDGMENT

1. The instant petition has been filed by the petitioner seeking judicial review of the order dated 15.4.2021.

2. The petitioner contends that the principle of natural justice was not followed by the respondent.

3. The petitioner has placed reliance on Article 19(1)(g) of the Constitution and Doctrine of legitimate expectation.

4. On the other hand, the respondent has argued that the petition is not maintainable on grounds of limitation and alternative remedy.

ANALYSIS AND FINDINGS

5. The core issue that needs to be addressed is whether the respondent has acted in accordance with the principles of natural justice.

6. The principle of Article 19(1)(g) of the Constitution is well-established and has been consistently followed by this Court.

7. While the action of the respondent is not entirely without basis, certain aspects need reconsideration in light of the legal principles discussed above.

CONCLUSION

8. In light of the above findings, the petition is partly allowed.

9. Pending applications, if any, also stand disposed of.

10. No order as to costs.

DATED: 15-04-2022
JUSTICE VERMA
",Partly Allowed,FAO 4054/2022,15-04-2022,JUSTICE VERMA
LPA 3686/2017: State of Delhi vs Mr. Rajiv Mehta,https://indiankanoon.org/doc/657594,"
IN THE HIGH COURT OF DELHI AT NEW DELHI

+ LPA 3686/2017

State of Delhi .... Petitioner/Plaintiff
Through: Mr. Advocate1, Sr. Advocate with Mr. Advocate3, Advocate

versus

Mr. Rajiv Mehta .... Resp...","
IN THE HIGH COURT OF DELHI AT NEW DELHI

+ LPA 3686/2017

State of Delhi .... Petitioner/Plaintiff
Through: Mr. Advocate1, Sr. Advocate with Mr. Advocate3, Advocate

versus

Mr. Rajiv Mehta .... Respondent/Defendant
Through: Ms. Advocate2, Advocate with Ms. Advocate4, Advocate

CORAM:
JUSTICE KUMAR

JUDGMENT

1. The present LPA has been filed challenging the order dated 6.7.2016 passed by the Mr. Rajiv Mehta.

2. The petitioner contends that the petitioner has an alternate remedy available under Section 34 of the Act.

3. The petitioner has placed reliance on Doctrine of proportionality, Order VII Rule 11 of the Civil Procedure Code and Doctrine of estoppel.

4. On the other hand, the respondent has argued that the petitioner has suppressed material facts.

ANALYSIS AND FINDINGS

5. This Court has examined the record and considered the arguments advanced by the learned counsel for the parties.

6. The law regarding Order VII Rule 11 of the Civil Procedure Code has been well-settled by the Supreme Court in numerous decisions.

7. The respondent has failed to consider relevant materials and has taken into account extraneous considerations while passing the impugned order.

CONCLUSION

8. For the reasons stated above, this Court is of the view that the petition deserves to be partly allowed.

9. Pending applications, if any, also stand disposed of.

10. No order as to costs.

DATED: 06-07-2017
JUSTICE KUMAR
",Partly Allowed,LPA 3686/2017,06-07-2017,JUSTICE KUMAR
Delhi Transport Corporation vs State & Ors on 24-09-2019,https://indiankanoon.org/doc/833207,"
IN THE HIGH COURT OF DELHI AT NEW DELHI

+ FAO 5837/2019

Delhi Transport Corporation .... Petitioner/Plaintiff
Through: Mr. Advocate1, Sr. Advocate with Mr. Advocate3, Advocate

versus

Indian Railw...","
IN THE HIGH COURT OF DELHI AT NEW DELHI

+ FAO 5837/2019

Delhi Transport Corporation .... Petitioner/Plaintiff
Through: Mr. Advocate1, Sr. Advocate with Mr. Advocate3, Advocate

versus

Indian Railways .... Respondent/Defendant
Through: Ms. Advocate2, Advocate with Ms. Advocate4, Advocate

CORAM:
JUSTICE MISHRA

JUDGMENT

1. The instant petition has been filed by the petitioner seeking judicial review of the order dated 24.9.2018.

2. The petitioner contends that the impugned action violates the petitioner's fundamental rights under Part III of the Constitution.

3. The petitioner has placed reliance on Right to fair hearing, Article 21 of the Constitution and Section 482 of the Code of Criminal Procedure.

4. On the other hand, the respondent has denied any violation of statutory provisions or principles of natural justice.

ANALYSIS AND FINDINGS

5. This Court has carefully considered the rival submissions made by the learned counsel appearing for the parties.

6. The principle of Section 482 of the Code of Criminal Procedure is well-established and has been consistently followed by this Court.

7. This Court is of the considered view that the impugned action/order cannot withstand judicial scrutiny and is liable to be set aside.

CONCLUSION

8. In the result, the petition is dismissed with the directions mentioned above.

9. Pending applications, if any, also stand disposed of.

10. No order as to costs.

DATED: 24-09-2019
JUSTICE MISHRA
",Dismissed,FAO 5837/2019,24-09-2019,JUSTICE MISHRA
In the matter of Reliance Energy Ltd vs Ministry of Finance on 20-02-2016,https://indiankanoon.org/doc/491699,"
IN THE HIGH COURT OF DELHI AT NEW DELHI

+ ARB.P. 8202/2016

Reliance Energy Ltd .... Petitioner/Plaintiff
Through: Mr. Advocate1, Sr. Advocate with Mr. Advocate3, Advocate

versus

Ministry of Finan...","
IN THE HIGH COURT OF DELHI AT NEW DELHI

+ ARB.P. 8202/2016

Reliance Energy Ltd .... Petitioner/Plaintiff
Through: Mr. Advocate1, Sr. Advocate with Mr. Advocate3, Advocate

versus

Ministry of Finance .... Respondent/Defendant
Through: Ms. Advocate2, Advocate with Ms. Advocate4, Advocate

CORAM:
JUSTICE REDDY

JUDGMENT

1. The present petition has been filed under Section 11 of the Arbitration and Conciliation Act seeking appointment of an arbitrator.

2. The petitioner contends that the respondent failed to consider relevant factors before passing the impugned order.

3. The petitioner has placed reliance on  and Principles of res judicata.

4. On the other hand, the respondent has denied any violation of statutory provisions or principles of natural justice.

ANALYSIS AND FINDINGS

5. The core issue that needs to be addressed is whether the respondent has acted in accordance with the principles of natural justice.

6. As per the settled legal position, Principles of res judicata cannot be circumvented by executive action.

7. The respondent has failed to consider relevant materials and has taken into account extraneous considerations while passing the impugned order.

CONCLUSION

8. In the result, the petition is dismissed with the directions mentioned above.

9. Pending applications, if any, also stand disposed of.

10. No order as to costs.

DATED: 20-02-2016
JUSTICE REDDY
",Dismissed,ARB.P. 8202/2016,20-02-2016,JUSTICE REDDY
ARB.P. 8870/2020: Reliance Energy Ltd vs State of Delhi,https://indiankanoon.org/doc/238388,"
IN THE HIGH COURT OF DELHI AT NEW DELHI

+ ARB.P. 8870/2020

Reliance Energy Ltd .... Petitioner/Plaintiff
Through: Mr. Advocate1, Sr. Advocate with Mr. Advocate3, Advocate

versus

State of Delhi .....","
IN THE HIGH COURT OF DELHI AT NEW DELHI

+ ARB.P. 8870/2020

Reliance Energy Ltd .... Petitioner/Plaintiff
Through: Mr. Advocate1, Sr. Advocate with Mr. Advocate3, Advocate

versus

State of Delhi .... Respondent/Defendant
Through: Ms. Advocate2, Advocate with Ms. Advocate4, Advocate

CORAM:
JUSTICE BHAT

JUDGMENT

1. The petitioner has filed this petition under Section 9 of the Arbitration and Conciliation Act seeking interim measures.

2. The petitioner contends that the impugned order is arbitrary and violative of Article 14 of the Constitution.

3. The petitioner has placed reliance on  and Right to fair hearing.

4. On the other hand, the respondent has contended that the decision was taken after considering all relevant factors.

ANALYSIS AND FINDINGS

5. After careful consideration of the submissions made by both parties, this Court finds that there is merit in the contentions raised by the petitioner.

6. The principle of Right to fair hearing is well-established and has been consistently followed by this Court.

7. In the present case, the Court finds that the impugned order suffers from patent illegality and arbitrariness.

CONCLUSION

8. In light of the above findings, the petition is dismissed.

9. Pending applications, if any, also stand disposed of.

10. No order as to costs.

DATED: 22-05-2020
JUSTICE BHAT
",Dismissed,ARB.P. 8870/2020,22-05-2020,JUSTICE BHAT
National Highways Authority vs Delhi Development Authority on 10-03-2017,https://indiankanoon.org/doc/465059,"
IN THE HIGH COURT OF DELHI AT NEW DELHI

+ CRL.M.C. 4319/2017

National Highways Authority .... Petitioner/Plaintiff
Through: Mr. Advocate1, Sr. Advocate with Mr. Advocate3, Advocate

versus

Delhi D...","
IN THE HIGH COURT OF DELHI AT NEW DELHI

+ CRL.M.C. 4319/2017

National Highways Authority .... Petitioner/Plaintiff
Through: Mr. Advocate1, Sr. Advocate with Mr. Advocate3, Advocate

versus

Delhi Development Authority .... Respondent/Defendant
Through: Ms. Advocate2, Advocate with Ms. Advocate4, Advocate

CORAM:
JUSTICE SINGH

JUDGMENT

1. The instant petition has been filed by the petitioner seeking judicial review of the order dated 10.3.2016.

2. The petitioner contends that the impugned action violates the petitioner's fundamental rights under Part III of the Constitution.

3. The petitioner has placed reliance on Doctrine of proportionality and Order VII Rule 11 of the Civil Procedure Code.

4. On the other hand, the respondent has contended that the decision was taken after considering all relevant factors.

ANALYSIS AND FINDINGS

5. This Court has carefully considered the rival submissions made by the learned counsel appearing for the parties.

6. As per the settled legal position, Doctrine of proportionality cannot be circumvented by executive action.

7. The respondent has failed to consider relevant materials and has taken into account extraneous considerations while passing the impugned order.

CONCLUSION

8. In the result, the petition is allowed with the directions mentioned above.

9. Pending applications, if any, also stand disposed of.

10. No order as to costs.

DATED: 10-03-2017
JUSTICE SINGH
",Allowed,CRL.M.C. 4319/2017,10-03-2017,JUSTICE SINGH
Delhi Metro Rail Corporation vs BSES Yamuna Power Ltd on 09-11-2016,https://indiankanoon.org/doc/422492,"
IN THE HIGH COURT OF DELHI AT NEW DELHI

+ RSA 8006/2016

Delhi Metro Rail Corporation .... Petitioner/Plaintiff
Through: Mr. Advocate1, Sr. Advocate with Mr. Advocate3, Advocate

versus

BSES Yamuna...","
IN THE HIGH COURT OF DELHI AT NEW DELHI

+ RSA 8006/2016

Delhi Metro Rail Corporation .... Petitioner/Plaintiff
Through: Mr. Advocate1, Sr. Advocate with Mr. Advocate3, Advocate

versus

BSES Yamuna Power Ltd .... Respondent/Defendant
Through: Ms. Advocate2, Advocate with Ms. Advocate4, Advocate

CORAM:
JUSTICE VERMA

JUDGMENT

1. The instant petition has been filed by the petitioner seeking judicial review of the order dated 9.11.2015.

2. The petitioner contends that the impugned order is passed without jurisdiction.

3. The petitioner has placed reliance on Article 14 of the Constitution and Section 482 of the Code of Criminal Procedure.

4. On the other hand, the respondent has denied any violation of statutory provisions or principles of natural justice.

ANALYSIS AND FINDINGS

5. After careful consideration of the submissions made by both parties, this Court finds that there is merit in the contentions raised by the petitioner.

6. The law regarding Section 482 of the Code of Criminal Procedure has been well-settled by the Supreme Court in numerous decisions.

7. While the action of the respondent is not entirely without basis, certain aspects need reconsideration in light of the legal principles discussed above.

CONCLUSION

8. In view of the foregoing discussion, the petition is hereby allowed.

9. Pending applications, if any, also stand disposed of.

10. No order as to costs.

DATED: 09-11-2016
JUSTICE VERMA
",Allowed,RSA 8006/2016,09-11-2016,JUSTICE VERMA
LPA 4592/2023: Vijay Construction vs Ministry of Finance,https://indiankanoon.org/doc/271743,"
IN THE HIGH COURT OF DELHI AT NEW DELHI

+ LPA 4592/2023

Vijay Construction .... Petitioner/Plaintiff
Through: Mr. Advocate1, Sr. Advocate with Mr. Advocate3, Advocate

versus

Ministry of Finance ....","
IN THE HIGH COURT OF DELHI AT NEW DELHI

+ LPA 4592/2023

Vijay Construction .... Petitioner/Plaintiff
Through: Mr. Advocate1, Sr. Advocate with Mr. Advocate3, Advocate

versus

Ministry of Finance .... Respondent/Defendant
Through: Ms. Advocate2, Advocate with Ms. Advocate4, Advocate

CORAM:
JUSTICE SHARMA

JUDGMENT

1. The petitioner has filed this LPA seeking quashing of the order dated 23.9.2022 passed by the Ministry of Finance.

2. The petitioner contends that the action of the respondent is ultra vires the provisions of the Act.

3. The petitioner has placed reliance on  and Article 14 of the Constitution.

4. On the other hand, the respondent has contended that the decision was taken after considering all relevant factors.

ANALYSIS AND FINDINGS

5. The core issue that needs to be addressed is whether the respondent has acted in accordance with the principles of natural justice.

6. It is a settled position of law that Article 14 of the Constitution must be adhered to by all authorities when making decisions affecting rights of citizens.

7. This Court is of the considered view that the impugned action/order cannot withstand judicial scrutiny and is liable to be set aside.

CONCLUSION

8. In light of the above findings, the petition is allowed.

9. Pending applications, if any, also stand disposed of.

10. No order as to costs.

DATED: 23-09-2023
JUSTICE SHARMA
",Allowed,LPA 4592/2023,23-09-2023,JUSTICE SHARMA
CM 5035/2016: Mrs. Gita Devi vs BSES Yamuna Power Ltd,https://indiankanoon.org/doc/187491,"
IN THE HIGH COURT OF DELHI AT NEW DELHI

+ CM 5035/2016

Mrs. Gita Devi .... Petitioner/Plaintiff
Through: Mr. Advocate1, Sr. Advocate with Mr. Advocate3, Advocate

versus

BSES Yamuna Power Ltd .......","
IN THE HIGH COURT OF DELHI AT NEW DELHI

+ CM 5035/2016

Mrs. Gita Devi .... Petitioner/Plaintiff
Through: Mr. Advocate1, Sr. Advocate with Mr. Advocate3, Advocate

versus

BSES Yamuna Power Ltd .... Respondent/Defendant
Through: Ms. Advocate2, Advocate with Ms. Advocate4, Advocate

CORAM:
JUSTICE SINGH

JUDGMENT

1. The instant petition has been filed by the petitioner seeking judicial review of the order dated 6.4.2015.

2. The petitioner contends that the principle of natural justice was not followed by the respondent.

3. The petitioner has placed reliance on  and Doctrine of estoppel.

4. On the other hand, the respondent has denied any violation of statutory provisions or principles of natural justice.

ANALYSIS AND FINDINGS

5. After careful consideration of the submissions made by both parties, this Court finds that there is merit in the contentions raised by the petitioner.

6. As per the settled legal position, Doctrine of estoppel cannot be circumvented by executive action.

7. The respondent has failed to consider relevant materials and has taken into account extraneous considerations while passing the impugned order.

CONCLUSION

8. In light of the above findings, the petition is partly allowed.

9. Pending applications, if any, also stand disposed of.

10. No order as to costs.

DATED: 06-04-2016
JUSTICE SINGH
",Partly Allowed,CM 5035/2016,06-04-2016,JUSTICE SINGH
Delhi High Court: Mrs. Gita Devi vs Central Board of Direct Taxes,https://indiankanoon.org/doc/556426,"
IN THE HIGH COURT OF DELHI AT NEW DELHI

+ CS 4284/2019

Mrs. Gita Devi .... Petitioner/Plaintiff
Through: Mr. Advocate1, Sr. Advocate with Mr. Advocate3, Advocate

versus

Central Board of Direct Ta...","
IN THE HIGH COURT OF DELHI AT NEW DELHI

+ CS 4284/2019

Mrs. Gita Devi .... Petitioner/Plaintiff
Through: Mr. Advocate1, Sr. Advocate with Mr. Advocate3, Advocate

versus

Central Board of Direct Taxes .... Respondent/Defendant
Through: Ms. Advocate2, Advocate with Ms. Advocate4, Advocate

CORAM:
JUSTICE MISHRA

JUDGMENT

1. The plaintiff has filed this suit seeking damages for breach of contract dated 9.10.2017.

2. The petitioner contends that the petition is barred by limitation.

3. The petitioner has placed reliance on Doctrine of estoppel and Section 34 of the Arbitration and Conciliation Act.

4. On the other hand, the respondent has argued that the petition is not maintainable on grounds of limitation and alternative remedy.

ANALYSIS AND FINDINGS

5. This Court has examined the record and considered the arguments advanced by the learned counsel for the parties.

6. It is a settled position of law that Section 34 of the Arbitration and Conciliation Act must be adhered to by all authorities when making decisions affecting rights of citizens.

7. The respondent has failed to consider relevant materials and has taken into account extraneous considerations while passing the impugned order.

CONCLUSION

8. For the reasons stated above, this Court is of the view that the petition deserves to be dismissed.

9. Pending applications, if any, also stand disposed of.

10. No order as to costs.

DATED: 09-10-2019
JUSTICE MISHRA
",Dismissed,CS 4284/2019,09-10-2019,JUSTICE MISHRA
Delhi Metro Rail Corporation vs XYZ Corporation on 25-06-2022,https://indiankanoon.org/doc/915646,"
IN THE HIGH COURT OF DELHI AT NEW DELHI

+ RFA 6393/2022

Delhi Metro Rail Corporation .... Petitioner/Plaintiff
Through: Mr. Advocate1, Sr. Advocate with Mr. Advocate3, Advocate

versus

XYZ Corpora...","
IN THE HIGH COURT OF DELHI AT NEW DELHI

+ RFA 6393/2022

Delhi Metro Rail Corporation .... Petitioner/Plaintiff
Through: Mr. Advocate1, Sr. Advocate with Mr. Advocate3, Advocate

versus

XYZ Corporation .... Respondent/Defendant
Through: Ms. Advocate2, Advocate with Ms. Advocate4, Advocate

CORAM:
JUSTICE PATEL

JUDGMENT

1. The instant petition has been filed by the petitioner seeking judicial review of the order dated 25.6.2021.

2. The petitioner contends that there is no infirmity in the order passed by the respondent.

3. The petitioner has placed reliance on Doctrine of proportionality and Doctrine of estoppel.

4. On the other hand, the respondent has submitted that due process was followed in accordance with the statutory provisions.

ANALYSIS AND FINDINGS

5. The core issue that needs to be addressed is whether the respondent has acted in accordance with the principles of natural justice.

6. It is a settled position of law that Doctrine of proportionality must be adhered to by all authorities when making decisions affecting rights of citizens.

7. In the present case, the Court finds that the impugned order suffers from patent illegality and arbitrariness.

CONCLUSION

8. In the result, the petition is settled with the directions mentioned above.

9. Pending applications, if any, also stand disposed of.

10. No order as to costs.

DATED: 25-06-2022
JUSTICE PATEL
",Settled,RFA 6393/2022,25-06-2022,JUSTICE PATEL
In the matter of Sharma Trading Co. vs Ministry of Finance on 22-06-2023,https://indiankanoon.org/doc/574214,"
IN THE HIGH COURT OF DELHI AT NEW DELHI

+ FAO 7326/2023

Sharma Trading Co. .... Petitioner/Plaintiff
Through: Mr. Advocate1, Sr. Advocate with Mr. Advocate3, Advocate

versus

Ministry of Finance ....","
IN THE HIGH COURT OF DELHI AT NEW DELHI

+ FAO 7326/2023

Sharma Trading Co. .... Petitioner/Plaintiff
Through: Mr. Advocate1, Sr. Advocate with Mr. Advocate3, Advocate

versus

Ministry of Finance .... Respondent/Defendant
Through: Ms. Advocate2, Advocate with Ms. Advocate4, Advocate

CORAM:
JUSTICE MALHOTRA

JUDGMENT

1. The instant petition has been filed by the petitioner seeking judicial review of the order dated 22.6.2022.

2. The petitioner contends that the impugned action violates the petitioner's fundamental rights under Part III of the Constitution.

3. The petitioner has placed reliance on Section 34 of the Arbitration and Conciliation Act, Section 482 of the Code of Criminal Procedure and Doctrine of legitimate expectation.

4. On the other hand, the respondent has submitted that due process was followed in accordance with the statutory provisions.

ANALYSIS AND FINDINGS

5. This Court has examined the record and considered the arguments advanced by the learned counsel for the parties.

6. As per the settled legal position, Section 34 of the Arbitration and Conciliation Act cannot be circumvented by executive action.

7. The respondent has failed to consider relevant materials and has taken into account extraneous considerations while passing the impugned order.

CONCLUSION

8. For the reasons stated above, this Court is of the view that the petition deserves to be disposed.

9. Pending applications, if any, also stand disposed of.

10. No order as to costs.

DATED: 22-06-2023
JUSTICE MALHOTRA
",Disposed,FAO 7326/2023,22-06-2023,JUSTICE MALHOTRA
Bharat Industries vs Indian Railways on 24-05-2022,https://indiankanoon.org/doc/968834,"
IN THE HIGH COURT OF DELHI AT NEW DELHI

+ O.M.P. 4692/2022

Bharat Industries .... Petitioner/Plaintiff
Through: Mr. Advocate1, Sr. Advocate with Mr. Advocate3, Advocate

versus

Indian Railways ......","
IN THE HIGH COURT OF DELHI AT NEW DELHI

+ O.M.P. 4692/2022

Bharat Industries .... Petitioner/Plaintiff
Through: Mr. Advocate1, Sr. Advocate with Mr. Advocate3, Advocate

versus

Indian Railways .... Respondent/Defendant
Through: Ms. Advocate2, Advocate with Ms. Advocate4, Advocate

CORAM:
JUSTICE PATEL

JUDGMENT

1. The present suit has been filed by the plaintiff seeking recovery of amounts due under an agreement dated 24.5.2020.

2. The petitioner contends that the action of the respondent is ultra vires the provisions of the Act.

3. The petitioner has placed reliance on  and Doctrine of legitimate expectation.

4. On the other hand, the respondent has contended that the decision was taken after considering all relevant factors.

ANALYSIS AND FINDINGS

5. After careful consideration of the submissions made by both parties, this Court finds that there is merit in the contentions raised by the petitioner.

6. It is a settled position of law that Doctrine of legitimate expectation must be adhered to by all authorities when making decisions affecting rights of citizens.

7. This Court is of the considered view that the impugned action/order cannot withstand judicial scrutiny and is liable to be set aside.

CONCLUSION

8. In the result, the petition is allowed with the directions mentioned above.

9. Pending applications, if any, also stand disposed of.

10. No order as to costs.

DATED: 24-05-2022
JUSTICE PATEL
",Allowed,O.M.P. 4692/2022,24-05-2022,JUSTICE PATEL
Reliance Energy Ltd vs State & Ors on 10-08-2017,https://indiankanoon.org/doc/722444,"
IN THE HIGH COURT OF DELHI AT NEW DELHI

+ FAO 9042/2017

Reliance Energy Ltd .... Petitioner/Plaintiff
Through: Mr. Advocate1, Sr. Advocate with Mr. Advocate3, Advocate

versus

Income Tax Departmen...","
IN THE HIGH COURT OF DELHI AT NEW DELHI

+ FAO 9042/2017

Reliance Energy Ltd .... Petitioner/Plaintiff
Through: Mr. Advocate1, Sr. Advocate with Mr. Advocate3, Advocate

versus

Income Tax Department .... Respondent/Defendant
Through: Ms. Advocate2, Advocate with Ms. Advocate4, Advocate

CORAM:
JUSTICE VERMA

JUDGMENT

1. The instant petition has been filed by the petitioner seeking judicial review of the order dated 10.8.2016.

2. The petitioner contends that the impugned order is passed without jurisdiction.

3. The petitioner has placed reliance on Order VII Rule 11 of the Civil Procedure Code and Section 34 of the Arbitration and Conciliation Act.

4. On the other hand, the respondent has argued that the petitioner has suppressed material facts.

ANALYSIS AND FINDINGS

5. After careful consideration of the submissions made by both parties, this Court finds that there is merit in the contentions raised by the petitioner.

6. The Supreme Court in a catena of judgments has held that Order VII Rule 11 of the Civil Procedure Code forms the bedrock of administrative decision-making.

7. In the present case, the Court finds that the impugned order suffers from patent illegality and arbitrariness.

CONCLUSION

8. In light of the above findings, the petition is dismissed.

9. Pending applications, if any, also stand disposed of.

10. No order as to costs.

DATED: 10-08-2017
JUSTICE VERMA
",Dismissed,FAO 9042/2017,10-08-2017,JUSTICE VERMA
RFA 8969/2017: Bharat Industries vs Mr. Rajiv Mehta,https://indiankanoon.org/doc/175809,"
IN THE HIGH COURT OF DELHI AT NEW DELHI

+ RFA 8969/2017

Bharat Industries .... Petitioner/Plaintiff
Through: Mr. Advocate1, Sr. Advocate with Mr. Advocate3, Advocate

versus

Mr. Rajiv Mehta .... R...","
IN THE HIGH COURT OF DELHI AT NEW DELHI

+ RFA 8969/2017

Bharat Industries .... Petitioner/Plaintiff
Through: Mr. Advocate1, Sr. Advocate with Mr. Advocate3, Advocate

versus

Mr. Rajiv Mehta .... Respondent/Defendant
Through: Ms. Advocate2, Advocate with Ms. Advocate4, Advocate

CORAM:
JUSTICE VERMA

JUDGMENT

1. The instant petition has been filed by the petitioner seeking judicial review of the order dated 22.4.2016.

2. The petitioner contends that the principle of natural justice was not followed by the respondent.

3. The petitioner has placed reliance on Ultra vires and Order VII Rule 11 of the Civil Procedure Code.

4. On the other hand, the respondent has contended that the decision was taken after considering all relevant factors.

ANALYSIS AND FINDINGS

5. The question that arises for consideration is whether the impugned order suffers from any infirmity warranting interference by this Court.

6. The Supreme Court in a catena of judgments has held that Ultra vires forms the bedrock of administrative decision-making.

7. The procedure followed by the respondent is in consonance with the principles of natural justice and does not warrant interference.

CONCLUSION

8. In light of the above findings, the petition is dismissed.

9. Pending applications, if any, also stand disposed of.

10. No order as to costs.

DATED: 22-04-2017
JUSTICE VERMA
",Dismissed,RFA 8969/2017,22-04-2017,JUSTICE VERMA
In the matter of State of Delhi vs Delhi Development Authority on 24-06-2017,https://indiankanoon.org/doc/433377,"
IN THE HIGH COURT OF DELHI AT NEW DELHI

+ RSA 1210/2017

State of Delhi .... Petitioner/Plaintiff
Through: Mr. Advocate1, Sr. Advocate with Mr. Advocate3, Advocate

versus

Delhi Development Authori...","
IN THE HIGH COURT OF DELHI AT NEW DELHI

+ RSA 1210/2017

State of Delhi .... Petitioner/Plaintiff
Through: Mr. Advocate1, Sr. Advocate with Mr. Advocate3, Advocate

versus

Delhi Development Authority .... Respondent/Defendant
Through: Ms. Advocate2, Advocate with Ms. Advocate4, Advocate

CORAM:
JUSTICE SINGH

JUDGMENT

1. The instant petition has been filed by the petitioner seeking judicial review of the order dated 24.6.2016.

2. The petitioner contends that there is a patent error apparent on the face of the record.

3. The petitioner has placed reliance on Article 19(1)(g) of the Constitution and Article 21 of the Constitution.

4. On the other hand, the respondent has argued that the petitioner has suppressed material facts.

ANALYSIS AND FINDINGS

5. This Court has examined the record and considered the arguments advanced by the learned counsel for the parties.

6. The Supreme Court in a catena of judgments has held that Article 19(1)(g) of the Constitution forms the bedrock of administrative decision-making.

7. This Court is of the considered view that the impugned action/order cannot withstand judicial scrutiny and is liable to be set aside.

CONCLUSION

8. For the reasons stated above, this Court is of the view that the petition deserves to be partly allowed.

9. Pending applications, if any, also stand disposed of.

10. No order as to costs.

DATED: 24-06-2017
JUSTICE SINGH
",Partly Allowed,RSA 1210/2017,24-06-2017,JUSTICE SINGH
State Bank of India vs State & Ors on 02-01-2016,https://indiankanoon.org/doc/470910,"
IN THE HIGH COURT OF DELHI AT NEW DELHI

+ FAO 6397/2016

State Bank of India .... Petitioner/Plaintiff
Through: Mr. Advocate1, Sr. Advocate with Mr. Advocate3, Advocate

versus

Mr. Rajiv Mehta .......","
IN THE HIGH COURT OF DELHI AT NEW DELHI

+ FAO 6397/2016

State Bank of India .... Petitioner/Plaintiff
Through: Mr. Advocate1, Sr. Advocate with Mr. Advocate3, Advocate

versus

Mr. Rajiv Mehta .... Respondent/Defendant
Through: Ms. Advocate2, Advocate with Ms. Advocate4, Advocate

CORAM:
JUSTICE VERMA

JUDGMENT

1. The instant petition has been filed by the petitioner seeking judicial review of the order dated 2.1.2015.

2. The petitioner contends that there is no infirmity in the order passed by the respondent.

3. The petitioner has placed reliance on Principles of natural justice and Doctrine of estoppel.

4. On the other hand, the respondent has argued that the petition is not maintainable on grounds of limitation and alternative remedy.

ANALYSIS AND FINDINGS

5. The core issue that needs to be addressed is whether the respondent has acted in accordance with the principles of natural justice.

6. The principle of Doctrine of estoppel is well-established and has been consistently followed by this Court.

7. In the present case, the Court finds that the impugned order suffers from patent illegality and arbitrariness.

CONCLUSION

8. In view of the foregoing discussion, the petition is hereby partly allowed.

9. Pending applications, if any, also stand disposed of.

10. No order as to costs.

DATED: 02-01-2016
JUSTICE VERMA
",Partly Allowed,FAO 6397/2016,02-01-2016,JUSTICE VERMA
Delhi Transport Corporation vs BSES Yamuna Power Ltd on 11-03-2018,https://indiankanoon.org/doc/517854,"
IN THE HIGH COURT OF DELHI AT NEW DELHI

+ CM 7491/2018

Delhi Transport Corporation .... Petitioner/Plaintiff
Through: Mr. Advocate1, Sr. Advocate with Mr. Advocate3, Advocate

versus

BSES Yamuna P...","
IN THE HIGH COURT OF DELHI AT NEW DELHI

+ CM 7491/2018

Delhi Transport Corporation .... Petitioner/Plaintiff
Through: Mr. Advocate1, Sr. Advocate with Mr. Advocate3, Advocate

versus

BSES Yamuna Power Ltd .... Respondent/Defendant
Through: Ms. Advocate2, Advocate with Ms. Advocate4, Advocate

CORAM:
JUSTICE VERMA

JUDGMENT

1. The instant petition has been filed by the petitioner seeking judicial review of the order dated 11.3.2017.

2. The petitioner contends that the petitioner has failed to establish a prima facie case for interference.

3. The petitioner has placed reliance on Section 34 of the Arbitration and Conciliation Act and Article 19(1)(g) of the Constitution.

4. On the other hand, the respondent has argued that the petitioner has suppressed material facts.

ANALYSIS AND FINDINGS

5. This Court has examined the record and considered the arguments advanced by the learned counsel for the parties.

6. As per the settled legal position, Section 34 of the Arbitration and Conciliation Act cannot be circumvented by executive action.

7. The procedure followed by the respondent is in consonance with the principles of natural justice and does not warrant interference.

CONCLUSION

8. Consequently, the petition is allowed in terms of the above observations.

9. Pending applications, if any, also stand disposed of.

10. No order as to costs.

DATED: 11-03-2018
JUSTICE VERMA
",Allowed,CM 7491/2018,11-03-2018,JUSTICE VERMA
Mrs. Gita Devi vs Union Of India & Ors on 11-01-2017,https://indiankanoon.org/doc/722352,"
IN THE HIGH COURT OF DELHI AT NEW DELHI

+ RSA 9742/2017

Mrs. Gita Devi .... Petitioner/Plaintiff
Through: Mr. Advocate1, Sr. Advocate with Mr. Advocate3, Advocate

versus

Municipal Corporation of ...","
IN THE HIGH COURT OF DELHI AT NEW DELHI

+ RSA 9742/2017

Mrs. Gita Devi .... Petitioner/Plaintiff
Through: Mr. Advocate1, Sr. Advocate with Mr. Advocate3, Advocate

versus

Municipal Corporation of Delhi .... Respondent/Defendant
Through: Ms. Advocate2, Advocate with Ms. Advocate4, Advocate

CORAM:
JUSTICE KHANNA

JUDGMENT

1. The instant petition has been filed by the petitioner seeking judicial review of the order dated 11.1.2016.

2. The petitioner contends that the impugned action violates the petitioner's fundamental rights under Part III of the Constitution.

3. The petitioner has placed reliance on Principles of natural justice, Doctrine of proportionality and Ultra vires.

4. On the other hand, the respondent has contended that the decision was taken after considering all relevant factors.

ANALYSIS AND FINDINGS

5. After careful consideration of the submissions made by both parties, this Court finds that there is merit in the contentions raised by the petitioner.

6. The principle of Doctrine of proportionality is well-established and has been consistently followed by this Court.

7. In the present case, the Court finds that the impugned order suffers from patent illegality and arbitrariness.

CONCLUSION

8. For the reasons stated above, this Court is of the view that the petition deserves to be dismissed.

9. Pending applications, if any, also stand disposed of.

10. No order as to costs.

DATED: 11-01-2017
JUSTICE KHANNA
",Dismissed,RSA 9742/2017,11-01-2017,JUSTICE KHANNA
ABC Pvt Ltd vs Enforcement Directorate on 25-07-2017,https://indiankanoon.org/doc/634695,"
IN THE HIGH COURT OF DELHI AT NEW DELHI

+ FAO 4444/2017

ABC Pvt Ltd .... Petitioner/Plaintiff
Through: Mr. Advocate1, Sr. Advocate with Mr. Advocate3, Advocate

versus

Enforcement Directorate .......","
IN THE HIGH COURT OF DELHI AT NEW DELHI

+ FAO 4444/2017

ABC Pvt Ltd .... Petitioner/Plaintiff
Through: Mr. Advocate1, Sr. Advocate with Mr. Advocate3, Advocate

versus

Enforcement Directorate .... Respondent/Defendant
Through: Ms. Advocate2, Advocate with Ms. Advocate4, Advocate

CORAM:
JUSTICE MISHRA

JUDGMENT

1. The instant petition has been filed by the petitioner seeking judicial review of the order dated 25.7.2016.

2. The petitioner contends that the petition is barred by limitation.

3. The petitioner has placed reliance on Principles of res judicata and Article 21 of the Constitution.

4. On the other hand, the respondent has submitted that due process was followed in accordance with the statutory provisions.

ANALYSIS AND FINDINGS

5. This Court has carefully considered the rival submissions made by the learned counsel appearing for the parties.

6. The principle of Principles of res judicata is well-established and has been consistently followed by this Court.

7. In the present case, the Court finds that the impugned order suffers from patent illegality and arbitrariness.

CONCLUSION

8. For the reasons stated above, this Court is of the view that the petition deserves to be disposed.

9. Pending applications, if any, also stand disposed of.

10. No order as to costs.

DATED: 25-07-2017
JUSTICE MISHRA
",Disposed,FAO 4444/2017,25-07-2017,JUSTICE MISHRA
CRL.A. 4500/2019: Vijay Construction vs Delhi Jal Board,https://indiankanoon.org/doc/731157,"
IN THE HIGH COURT OF DELHI AT NEW DELHI

+ CRL.A. 4500/2019

Vijay Construction .... Petitioner/Plaintiff
Through: Mr. Advocate1, Sr. Advocate with Mr. Advocate3, Advocate

versus

Delhi Jal Board .....","
IN THE HIGH COURT OF DELHI AT NEW DELHI

+ CRL.A. 4500/2019

Vijay Construction .... Petitioner/Plaintiff
Through: Mr. Advocate1, Sr. Advocate with Mr. Advocate3, Advocate

versus

Delhi Jal Board .... Respondent/Defendant
Through: Ms. Advocate2, Advocate with Ms. Advocate4, Advocate

CORAM:
JUSTICE VERMA

JUDGMENT

1. The present CRL.A. has been filed challenging the order dated 11.2.2018 passed by the Delhi Jal Board.

2. The petitioner contends that the impugned order is passed without jurisdiction.

3. The petitioner has placed reliance on Section 482 of the Code of Criminal Procedure, Ultra vires and Right to fair hearing.

4. On the other hand, the respondent has argued that the petitioner has suppressed material facts.

ANALYSIS AND FINDINGS

5. This Court has carefully considered the rival submissions made by the learned counsel appearing for the parties.

6. The law regarding Section 482 of the Code of Criminal Procedure has been well-settled by the Supreme Court in numerous decisions.

7. The respondent has failed to consider relevant materials and has taken into account extraneous considerations while passing the impugned order.

CONCLUSION

8. In light of the above findings, the petition is dismissed.

9. Pending applications, if any, also stand disposed of.

10. No order as to costs.

DATED: 11-02-2019
JUSTICE VERMA
",Dismissed,CRL.A. 4500/2019,11-02-2019,JUSTICE VERMA
In the matter of Reliance Energy Ltd vs Delhi Development Authority on 25-05-2019,https://indiankanoon.org/doc/150481,"
IN THE HIGH COURT OF DELHI AT NEW DELHI

+ RFA 8536/2019

Reliance Energy Ltd .... Petitioner/Plaintiff
Through: Mr. Advocate1, Sr. Advocate with Mr. Advocate3, Advocate

versus

Delhi Development Au...","
IN THE HIGH COURT OF DELHI AT NEW DELHI

+ RFA 8536/2019

Reliance Energy Ltd .... Petitioner/Plaintiff
Through: Mr. Advocate1, Sr. Advocate with Mr. Advocate3, Advocate

versus

Delhi Development Authority .... Respondent/Defendant
Through: Ms. Advocate2, Advocate with Ms. Advocate4, Advocate

CORAM:
JUSTICE GUPTA

JUDGMENT

1. The instant petition has been filed by the petitioner seeking judicial review of the order dated 25.5.2018.

2. The petitioner contends that there is a patent error apparent on the face of the record.

3. The petitioner has placed reliance on  and Doctrine of proportionality.

4. On the other hand, the respondent has contended that the decision was taken after considering all relevant factors.

ANALYSIS AND FINDINGS

5. The question that arises for consideration is whether the impugned order suffers from any infirmity warranting interference by this Court.

6. The law regarding Doctrine of proportionality has been well-settled by the Supreme Court in numerous decisions.

7. The procedure followed by the respondent is in consonance with the principles of natural justice and does not warrant interference.

CONCLUSION

8. For the reasons stated above, this Court is of the view that the petition deserves to be settled.

9. Pending applications, if any, also stand disposed of.

10. No order as to costs.

DATED: 25-05-2019
JUSTICE GUPTA
",Settled,RFA 8536/2019,25-05-2019,JUSTICE GUPTA
In the matter of Mr. Anil Sharma vs Delhi Jal Board on 27-08-2019,https://indiankanoon.org/doc/675416,"
IN THE HIGH COURT OF DELHI AT NEW DELHI

+ CS 7463/2019

Mr. Anil Sharma .... Petitioner/Plaintiff
Through: Mr. Advocate1, Sr. Advocate with Mr. Advocate3, Advocate

versus

Delhi Jal Board .... Resp...","
IN THE HIGH COURT OF DELHI AT NEW DELHI

+ CS 7463/2019

Mr. Anil Sharma .... Petitioner/Plaintiff
Through: Mr. Advocate1, Sr. Advocate with Mr. Advocate3, Advocate

versus

Delhi Jal Board .... Respondent/Defendant
Through: Ms. Advocate2, Advocate with Ms. Advocate4, Advocate

CORAM:
JUSTICE GUPTA

JUDGMENT

1. This CS has been filed seeking specific performance of the agreement dated 27.8.2017.

2. The petitioner contends that the petitioner has failed to establish a prima facie case for interference.

3. The petitioner has placed reliance on Section 482 of the Code of Criminal Procedure and Article 21 of the Constitution.

4. On the other hand, the respondent has submitted that due process was followed in accordance with the statutory provisions.

ANALYSIS AND FINDINGS

5. The core issue that needs to be addressed is whether the respondent has acted in accordance with the principles of natural justice.

6. As per the settled legal position, Section 482 of the Code of Criminal Procedure cannot be circumvented by executive action.

7. The procedure followed by the respondent is in consonance with the principles of natural justice and does not warrant interference.

CONCLUSION

8. For the reasons stated above, this Court is of the view that the petition deserves to be settled.

9. Pending applications, if any, also stand disposed of.

10. No order as to costs.

DATED: 27-08-2019
JUSTICE GUPTA
",Settled,CS 7463/2019,27-08-2019,JUSTICE GUPTA
State Bank of India vs XYZ Corporation on 06-12-2019,https://indiankanoon.org/doc/416834,"
IN THE HIGH COURT OF DELHI AT NEW DELHI

+ CS 6255/2019

State Bank of India .... Petitioner/Plaintiff
Through: Mr. Advocate1, Sr. Advocate with Mr. Advocate3, Advocate

versus

XYZ Corporation .... ...","
IN THE HIGH COURT OF DELHI AT NEW DELHI

+ CS 6255/2019

State Bank of India .... Petitioner/Plaintiff
Through: Mr. Advocate1, Sr. Advocate with Mr. Advocate3, Advocate

versus

XYZ Corporation .... Respondent/Defendant
Through: Ms. Advocate2, Advocate with Ms. Advocate4, Advocate

CORAM:
JUSTICE REDDY

JUDGMENT

1. This CS has been filed seeking specific performance of the agreement dated 6.12.2017.

2. The petitioner contends that the petitioner has an alternate remedy available under Section 34 of the Act.

3. The petitioner has placed reliance on Principles of res judicata, Doctrine of estoppel and Right to fair hearing.

4. On the other hand, the respondent has contested the claims of the petitioner as being devoid of merit.

ANALYSIS AND FINDINGS

5. The question that arises for consideration is whether the impugned order suffers from any infirmity warranting interference by this Court.

6. It is a settled position of law that Right to fair hearing must be adhered to by all authorities when making decisions affecting rights of citizens.

7. The respondent has failed to consider relevant materials and has taken into account extraneous considerations while passing the impugned order.

CONCLUSION

8. In the result, the petition is dismissed with the directions mentioned above.

9. Pending applications, if any, also stand disposed of.

10. No order as to costs.

DATED: 06-12-2019
JUSTICE REDDY
",Dismissed,CS 6255/2019,06-12-2019,JUSTICE REDDY
National Highways Authority vs State & Ors on 22-04-2019,https://indiankanoon.org/doc/750390,"
IN THE HIGH COURT OF DELHI AT NEW DELHI

+ FAO 5092/2019

National Highways Authority .... Petitioner/Plaintiff
Through: Mr. Advocate1, Sr. Advocate with Mr. Advocate3, Advocate

versus

Indian Railw...","
IN THE HIGH COURT OF DELHI AT NEW DELHI

+ FAO 5092/2019

National Highways Authority .... Petitioner/Plaintiff
Through: Mr. Advocate1, Sr. Advocate with Mr. Advocate3, Advocate

versus

Indian Railways .... Respondent/Defendant
Through: Ms. Advocate2, Advocate with Ms. Advocate4, Advocate

CORAM:
JUSTICE MISHRA

JUDGMENT

1. The instant petition has been filed by the petitioner seeking judicial review of the order dated 22.4.2018.

2. The petitioner contends that the impugned order is passed without jurisdiction.

3. The petitioner has placed reliance on Doctrine of estoppel and Ultra vires.

4. On the other hand, the respondent has argued that the petitioner has suppressed material facts.

ANALYSIS AND FINDINGS

5. This Court has examined the record and considered the arguments advanced by the learned counsel for the parties.

6. The principle of Doctrine of estoppel is well-established and has been consistently followed by this Court.

7. The procedure followed by the respondent is in consonance with the principles of natural justice and does not warrant interference.

CONCLUSION

8. In light of the above findings, the petition is dismissed.

9. Pending applications, if any, also stand disposed of.

10. No order as to costs.

DATED: 22-04-2019
JUSTICE MISHRA
",Dismissed,FAO 5092/2019,22-04-2019,JUSTICE MISHRA
Bharat Industries vs State & Ors on 27-03-2017,https://indiankanoon.org/doc/685795,"
IN THE HIGH COURT OF DELHI AT NEW DELHI

+ O.M.P. 2011/2017

Bharat Industries .... Petitioner/Plaintiff
Through: Mr. Advocate1, Sr. Advocate with Mr. Advocate3, Advocate

versus

Reserve Bank of Ind...","
IN THE HIGH COURT OF DELHI AT NEW DELHI

+ O.M.P. 2011/2017

Bharat Industries .... Petitioner/Plaintiff
Through: Mr. Advocate1, Sr. Advocate with Mr. Advocate3, Advocate

versus

Reserve Bank of India .... Respondent/Defendant
Through: Ms. Advocate2, Advocate with Ms. Advocate4, Advocate

CORAM:
JUSTICE REDDY

JUDGMENT

1. The present suit has been filed by the plaintiff seeking recovery of amounts due under an agreement dated 27.3.2015.

2. The petitioner contends that the impugned action violates the petitioner's fundamental rights under Part III of the Constitution.

3. The petitioner has placed reliance on Doctrine of estoppel, Right to fair hearing and Doctrine of proportionality.

4. On the other hand, the respondent has contested the claims of the petitioner as being devoid of merit.

ANALYSIS AND FINDINGS

5. This Court has carefully considered the rival submissions made by the learned counsel appearing for the parties.

6. The law regarding Right to fair hearing has been well-settled by the Supreme Court in numerous decisions.

7. This Court is of the considered view that the impugned action/order cannot withstand judicial scrutiny and is liable to be set aside.

CONCLUSION

8. Consequently, the petition is disposed in terms of the above observations.

9. Pending applications, if any, also stand disposed of.

10. No order as to costs.

DATED: 27-03-2017
JUSTICE REDDY
",Disposed,O.M.P. 2011/2017,27-03-2017,JUSTICE REDDY
Delhi Transport Corporation vs State & Ors on 04-04-2020,https://indiankanoon.org/doc/304006,"
IN THE HIGH COURT OF DELHI AT NEW DELHI

+ CRL.A. 6143/2020

Delhi Transport Corporation .... Petitioner/Plaintiff
Through: Mr. Advocate1, Sr. Advocate with Mr. Advocate3, Advocate

versus

Delhi Ele...","
IN THE HIGH COURT OF DELHI AT NEW DELHI

+ CRL.A. 6143/2020

Delhi Transport Corporation .... Petitioner/Plaintiff
Through: Mr. Advocate1, Sr. Advocate with Mr. Advocate3, Advocate

versus

Delhi Electricity Regulatory Commission .... Respondent/Defendant
Through: Ms. Advocate2, Advocate with Ms. Advocate4, Advocate

CORAM:
JUSTICE KHANNA

JUDGMENT

1. This CRL.A. has been filed seeking directions to the Delhi Electricity Regulatory Commission to take appropriate action in accordance with law.

2. The petitioner contends that the impugned order is passed without jurisdiction.

3. The petitioner has placed reliance on Doctrine of legitimate expectation and Article 14 of the Constitution.

4. On the other hand, the respondent has contended that the decision was taken after considering all relevant factors.

ANALYSIS AND FINDINGS

5. After careful consideration of the submissions made by both parties, this Court finds that there is merit in the contentions raised by the petitioner.

6. As per the settled legal position, Doctrine of legitimate expectation cannot be circumvented by executive action.

7. In the present case, the Court finds that the impugned order suffers from patent illegality and arbitrariness.

CONCLUSION

8. Consequently, the petition is allowed in terms of the above observations.

9. Pending applications, if any, also stand disposed of.

10. No order as to costs.

DATED: 04-04-2020
JUSTICE KHANNA
",Allowed,CRL.A. 6143/2020,04-04-2020,JUSTICE KHANNA
FAO 9650/2015: Ramesh Kumar vs Income Tax Department,https://indiankanoon.org/doc/523713,"
IN THE HIGH COURT OF DELHI AT NEW DELHI

+ FAO 9650/2015

Ramesh Kumar .... Petitioner/Plaintiff
Through: Mr. Advocate1, Sr. Advocate with Mr. Advocate3, Advocate

versus

Income Tax Department .... ...","
IN THE HIGH COURT OF DELHI AT NEW DELHI

+ FAO 9650/2015

Ramesh Kumar .... Petitioner/Plaintiff
Through: Mr. Advocate1, Sr. Advocate with Mr. Advocate3, Advocate

versus

Income Tax Department .... Respondent/Defendant
Through: Ms. Advocate2, Advocate with Ms. Advocate4, Advocate

CORAM:
JUSTICE MALHOTRA

JUDGMENT

1. The instant petition has been filed by the petitioner seeking judicial review of the order dated 6.5.2014.

2. The petitioner contends that there is a patent error apparent on the face of the record.

3. The petitioner has placed reliance on Doctrine of estoppel and Article 14 of the Constitution.

4. On the other hand, the respondent has contested the claims of the petitioner as being devoid of merit.

ANALYSIS AND FINDINGS

5. This Court has examined the record and considered the arguments advanced by the learned counsel for the parties.

6. It is a settled position of law that Article 14 of the Constitution must be adhered to by all authorities when making decisions affecting rights of citizens.

7. This Court is of the considered view that the impugned action/order cannot withstand judicial scrutiny and is liable to be set aside.

CONCLUSION

8. In the result, the petition is allowed with the directions mentioned above.

9. Pending applications, if any, also stand disposed of.

10. No order as to costs.

DATED: 06-05-2015
JUSTICE MALHOTRA
",Allowed,FAO 9650/2015,06-05-2015,JUSTICE MALHOTRA
CM 1988/2022: Delhi Metro Rail Corporation vs Income Tax Department,https://indiankanoon.org/doc/809947,"
IN THE HIGH COURT OF DELHI AT NEW DELHI

+ CM 1988/2022

Delhi Metro Rail Corporation .... Petitioner/Plaintiff
Through: Mr. Advocate1, Sr. Advocate with Mr. Advocate3, Advocate

versus

Income Tax D...","
IN THE HIGH COURT OF DELHI AT NEW DELHI

+ CM 1988/2022

Delhi Metro Rail Corporation .... Petitioner/Plaintiff
Through: Mr. Advocate1, Sr. Advocate with Mr. Advocate3, Advocate

versus

Income Tax Department .... Respondent/Defendant
Through: Ms. Advocate2, Advocate with Ms. Advocate4, Advocate

CORAM:
JUSTICE KAPOOR

JUDGMENT

1. The instant petition has been filed by the petitioner seeking judicial review of the order dated 18.12.2021.

2. The petitioner contends that the impugned action violates the petitioner's fundamental rights under Part III of the Constitution.

3. The petitioner has placed reliance on Right to fair hearing and Article 21 of the Constitution.

4. On the other hand, the respondent has argued that the petition is not maintainable on grounds of limitation and alternative remedy.

ANALYSIS AND FINDINGS

5. This Court has carefully considered the rival submissions made by the learned counsel appearing for the parties.

6. As per the settled legal position, Article 21 of the Constitution cannot be circumvented by executive action.

7. The procedure followed by the respondent is in consonance with the principles of natural justice and does not warrant interference.

CONCLUSION

8. Consequently, the petition is partly allowed in terms of the above observations.

9. Pending applications, if any, also stand disposed of.

10. No order as to costs.

DATED: 18-12-2022
JUSTICE KAPOOR
",Partly Allowed,CM 1988/2022,18-12-2022,JUSTICE KAPOOR
ABC Pvt Ltd vs XYZ Corporation on 06-01-2022,https://indiankanoon.org/doc/871372,"
IN THE HIGH COURT OF DELHI AT NEW DELHI

+ RSA 6970/2022

ABC Pvt Ltd .... Petitioner/Plaintiff
Through: Mr. Advocate1, Sr. Advocate with Mr. Advocate3, Advocate

versus

XYZ Corporation .... Respond...","
IN THE HIGH COURT OF DELHI AT NEW DELHI

+ RSA 6970/2022

ABC Pvt Ltd .... Petitioner/Plaintiff
Through: Mr. Advocate1, Sr. Advocate with Mr. Advocate3, Advocate

versus

XYZ Corporation .... Respondent/Defendant
Through: Ms. Advocate2, Advocate with Ms. Advocate4, Advocate

CORAM:
JUSTICE KHANNA

JUDGMENT

1. The instant petition has been filed by the petitioner seeking judicial review of the order dated 6.1.2021.

2. The petitioner contends that the respondent failed to consider relevant factors before passing the impugned order.

3. The petitioner has placed reliance on  and Section 34 of the Arbitration and Conciliation Act.

4. On the other hand, the respondent has contested the claims of the petitioner as being devoid of merit.

ANALYSIS AND FINDINGS

5. The core issue that needs to be addressed is whether the respondent has acted in accordance with the principles of natural justice.

6. The principle of Section 34 of the Arbitration and Conciliation Act is well-established and has been consistently followed by this Court.

7. In the present case, the Court finds that the impugned order suffers from patent illegality and arbitrariness.

CONCLUSION

8. For the reasons stated above, this Court is of the view that the petition deserves to be allowed.

9. Pending applications, if any, also stand disposed of.

10. No order as to costs.

DATED: 06-01-2022
JUSTICE KHANNA
",Allowed,RSA 6970/2022,06-01-2022,JUSTICE KHANNA
Delhi Metro Rail Corporation vs State & Ors on 15-01-2019,https://indiankanoon.org/doc/985844,"
IN THE HIGH COURT OF DELHI AT NEW DELHI

+ RFA 6779/2019

Delhi Metro Rail Corporation .... Petitioner/Plaintiff
Through: Mr. Advocate1, Sr. Advocate with Mr. Advocate3, Advocate

versus

Central Boa...","
IN THE HIGH COURT OF DELHI AT NEW DELHI

+ RFA 6779/2019

Delhi Metro Rail Corporation .... Petitioner/Plaintiff
Through: Mr. Advocate1, Sr. Advocate with Mr. Advocate3, Advocate

versus

Central Board of Direct Taxes .... Respondent/Defendant
Through: Ms. Advocate2, Advocate with Ms. Advocate4, Advocate

CORAM:
JUSTICE SHARMA

JUDGMENT

1. The instant petition has been filed by the petitioner seeking judicial review of the order dated 15.1.2018.

2. The petitioner contends that the action of the respondent is ultra vires the provisions of the Act.

3. The petitioner has placed reliance on Article 21 of the Constitution and Doctrine of estoppel.

4. On the other hand, the respondent has denied any violation of statutory provisions or principles of natural justice.

ANALYSIS AND FINDINGS

5. After careful consideration of the submissions made by both parties, this Court finds that there is merit in the contentions raised by the petitioner.

6. The law regarding Doctrine of estoppel has been well-settled by the Supreme Court in numerous decisions.

7. While the action of the respondent is not entirely without basis, certain aspects need reconsideration in light of the legal principles discussed above.

CONCLUSION

8. In light of the above findings, the petition is disposed.

9. Pending applications, if any, also stand disposed of.

10. No order as to costs.

DATED: 15-01-2019
JUSTICE SHARMA
",Disposed,RFA 6779/2019,15-01-2019,JUSTICE SHARMA
CRL.A. 1513/2015: State of Delhi vs Reserve Bank of India,https://indiankanoon.org/doc/184173,"
IN THE HIGH COURT OF DELHI AT NEW DELHI

+ CRL.A. 1513/2015

State of Delhi .... Petitioner/Plaintiff
Through: Mr. Advocate1, Sr. Advocate with Mr. Advocate3, Advocate

versus

Reserve Bank of India ...","
IN THE HIGH COURT OF DELHI AT NEW DELHI

+ CRL.A. 1513/2015

State of Delhi .... Petitioner/Plaintiff
Through: Mr. Advocate1, Sr. Advocate with Mr. Advocate3, Advocate

versus

Reserve Bank of India .... Respondent/Defendant
Through: Ms. Advocate2, Advocate with Ms. Advocate4, Advocate

CORAM:
JUSTICE KUMAR

JUDGMENT

1. The petitioner has filed this CRL.A. seeking quashing of the order dated 2.6.2014 passed by the Reserve Bank of India.

2. The petitioner contends that there is a patent error apparent on the face of the record.

3. The petitioner has placed reliance on  and Section 9 of the Code of Civil Procedure.

4. On the other hand, the respondent has argued that the petition is not maintainable on grounds of limitation and alternative remedy.

ANALYSIS AND FINDINGS

5. After careful consideration of the submissions made by both parties, this Court finds that there is merit in the contentions raised by the petitioner.

6. As per the settled legal position, Section 9 of the Code of Civil Procedure cannot be circumvented by executive action.

7. This Court is of the considered view that the impugned action/order cannot withstand judicial scrutiny and is liable to be set aside.

CONCLUSION

8. In the result, the petition is disposed with the directions mentioned above.

9. Pending applications, if any, also stand disposed of.

10. No order as to costs.

DATED: 02-06-2015
JUSTICE KUMAR
",Disposed,CRL.A. 1513/2015,02-06-2015,JUSTICE KUMAR
Ramesh Kumar vs Union Of India & Ors on 25-09-2019,https://indiankanoon.org/doc/640543,"
IN THE HIGH COURT OF DELHI AT NEW DELHI

+ FAO 6876/2019

Ramesh Kumar .... Petitioner/Plaintiff
Through: Mr. Advocate1, Sr. Advocate with Mr. Advocate3, Advocate

versus

Income Tax Department .... ...","
IN THE HIGH COURT OF DELHI AT NEW DELHI

+ FAO 6876/2019

Ramesh Kumar .... Petitioner/Plaintiff
Through: Mr. Advocate1, Sr. Advocate with Mr. Advocate3, Advocate

versus

Income Tax Department .... Respondent/Defendant
Through: Ms. Advocate2, Advocate with Ms. Advocate4, Advocate

CORAM:
JUSTICE SINGH

JUDGMENT

1. The instant petition has been filed by the petitioner seeking judicial review of the order dated 25.9.2018.

2. The petitioner contends that the petitioner has failed to establish a prima facie case for interference.

3. The petitioner has placed reliance on Doctrine of proportionality, Doctrine of estoppel and Article 14 of the Constitution.

4. On the other hand, the respondent has argued that the petition is not maintainable on grounds of limitation and alternative remedy.

ANALYSIS AND FINDINGS

5. The core issue that needs to be addressed is whether the respondent has acted in accordance with the principles of natural justice.

6. The principle of Article 14 of the Constitution is well-established and has been consistently followed by this Court.

7. The procedure followed by the respondent is in consonance with the principles of natural justice and does not warrant interference.

CONCLUSION

8. Consequently, the petition is disposed in terms of the above observations.

9. Pending applications, if any, also stand disposed of.

10. No order as to costs.

DATED: 25-09-2019
JUSTICE SINGH
",Disposed,FAO 6876/2019,25-09-2019,JUSTICE SINGH
CRL.A. 7690/2016: State of Delhi vs State of Delhi,https://indiankanoon.org/doc/448238,"
IN THE HIGH COURT OF DELHI AT NEW DELHI

+ CRL.A. 7690/2016

State of Delhi .... Petitioner/Plaintiff
Through: Mr. Advocate1, Sr. Advocate with Mr. Advocate3, Advocate

versus

State of Delhi .... Re...","
IN THE HIGH COURT OF DELHI AT NEW DELHI

+ CRL.A. 7690/2016

State of Delhi .... Petitioner/Plaintiff
Through: Mr. Advocate1, Sr. Advocate with Mr. Advocate3, Advocate

versus

State of Delhi .... Respondent/Defendant
Through: Ms. Advocate2, Advocate with Ms. Advocate4, Advocate

CORAM:
JUSTICE SINGH

JUDGMENT

1. The present CRL.A. has been filed challenging the order dated 23.8.2015 passed by the State of Delhi.

2. The petitioner contends that the petitioner has an alternate remedy available under Section 34 of the Act.

3. The petitioner has placed reliance on Right to fair hearing, Ultra vires and Section 9 of the Code of Civil Procedure.

4. On the other hand, the respondent has submitted that due process was followed in accordance with the statutory provisions.

ANALYSIS AND FINDINGS

5. This Court has examined the record and considered the arguments advanced by the learned counsel for the parties.

6. It is a settled position of law that Right to fair hearing must be adhered to by all authorities when making decisions affecting rights of citizens.

7. In the present case, the Court finds that the impugned order suffers from patent illegality and arbitrariness.

CONCLUSION

8. Consequently, the petition is allowed in terms of the above observations.

9. Pending applications, if any, also stand disposed of.

10. No order as to costs.

DATED: 23-08-2016
JUSTICE SINGH
",Allowed,CRL.A. 7690/2016,23-08-2016,JUSTICE SINGH
State of Delhi vs Union Of India & Ors on 08-06-2018,https://indiankanoon.org/doc/190872,"
IN THE HIGH COURT OF DELHI AT NEW DELHI

+ FAO 3427/2018

State of Delhi .... Petitioner/Plaintiff
Through: Mr. Advocate1, Sr. Advocate with Mr. Advocate3, Advocate

versus

State of Delhi .... Respo...","
IN THE HIGH COURT OF DELHI AT NEW DELHI

+ FAO 3427/2018

State of Delhi .... Petitioner/Plaintiff
Through: Mr. Advocate1, Sr. Advocate with Mr. Advocate3, Advocate

versus

State of Delhi .... Respondent/Defendant
Through: Ms. Advocate2, Advocate with Ms. Advocate4, Advocate

CORAM:
JUSTICE SINGH

JUDGMENT

1. The instant petition has been filed by the petitioner seeking judicial review of the order dated 8.6.2017.

2. The petitioner contends that the petition is barred by limitation.

3. The petitioner has placed reliance on Doctrine of legitimate expectation, Order VII Rule 11 of the Civil Procedure Code and Section 482 of the Code of Criminal Procedure.

4. On the other hand, the respondent has contended that the decision was taken after considering all relevant factors.

ANALYSIS AND FINDINGS

5. The core issue that needs to be addressed is whether the respondent has acted in accordance with the principles of natural justice.

6. The Supreme Court in a catena of judgments has held that Section 482 of the Code of Criminal Procedure forms the bedrock of administrative decision-making.

7. Upon examination of the material on record, this Court finds that the respondent has acted within its jurisdiction and in accordance with law.

CONCLUSION

8. In view of the foregoing discussion, the petition is hereby allowed.

9. Pending applications, if any, also stand disposed of.

10. No order as to costs.

DATED: 08-06-2018
JUSTICE SINGH
",Allowed,FAO 3427/2018,08-06-2018,JUSTICE SINGH
Delhi High Court: ABC Pvt Ltd vs Delhi Electricity Regulatory Commission,https://indiankanoon.org/doc/120261,"
IN THE HIGH COURT OF DELHI AT NEW DELHI

+ CRL.M.C. 1918/2015

ABC Pvt Ltd .... Petitioner/Plaintiff
Through: Mr. Advocate1, Sr. Advocate with Mr. Advocate3, Advocate

versus

Delhi Electricity Regul...","
IN THE HIGH COURT OF DELHI AT NEW DELHI

+ CRL.M.C. 1918/2015

ABC Pvt Ltd .... Petitioner/Plaintiff
Through: Mr. Advocate1, Sr. Advocate with Mr. Advocate3, Advocate

versus

Delhi Electricity Regulatory Commission .... Respondent/Defendant
Through: Ms. Advocate2, Advocate with Ms. Advocate4, Advocate

CORAM:
JUSTICE KUMAR

JUDGMENT

1. The instant petition has been filed by the petitioner seeking judicial review of the order dated 7.2.2014.

2. The petitioner contends that the impugned order is passed without jurisdiction.

3. The petitioner has placed reliance on Article 14 of the Constitution, Principles of natural justice and Section 9 of the Code of Civil Procedure.

4. On the other hand, the respondent has argued that the petition is not maintainable on grounds of limitation and alternative remedy.

ANALYSIS AND FINDINGS

5. This Court has carefully considered the rival submissions made by the learned counsel appearing for the parties.

6. The law regarding Section 9 of the Code of Civil Procedure has been well-settled by the Supreme Court in numerous decisions.

7. This Court is of the considered view that the impugned action/order cannot withstand judicial scrutiny and is liable to be set aside.

CONCLUSION

8. In view of the foregoing discussion, the petition is hereby partly allowed.

9. Pending applications, if any, also stand disposed of.

10. No order as to costs.

DATED: 07-02-2015
JUSTICE KUMAR
",Partly Allowed,CRL.M.C. 1918/2015,07-02-2015,JUSTICE KUMAR
Indus Corporation vs Ministry of Finance on 01-11-2016,https://indiankanoon.org/doc/360292,"
IN THE HIGH COURT OF DELHI AT NEW DELHI

+ CRL.M.C. 7452/2016

Indus Corporation .... Petitioner/Plaintiff
Through: Mr. Advocate1, Sr. Advocate with Mr. Advocate3, Advocate

versus

Ministry of Finan...","
IN THE HIGH COURT OF DELHI AT NEW DELHI

+ CRL.M.C. 7452/2016

Indus Corporation .... Petitioner/Plaintiff
Through: Mr. Advocate1, Sr. Advocate with Mr. Advocate3, Advocate

versus

Ministry of Finance .... Respondent/Defendant
Through: Ms. Advocate2, Advocate with Ms. Advocate4, Advocate

CORAM:
JUSTICE KUMAR

JUDGMENT

1. The instant petition has been filed by the petitioner seeking judicial review of the order dated 1.11.2015.

2. The petitioner contends that the petition is barred by limitation.

3. The petitioner has placed reliance on Section 34 of the Arbitration and Conciliation Act and Doctrine of estoppel.

4. On the other hand, the respondent has argued that the petition is not maintainable on grounds of limitation and alternative remedy.

ANALYSIS AND FINDINGS

5. After careful consideration of the submissions made by both parties, this Court finds that there is merit in the contentions raised by the petitioner.

6. The principle of Doctrine of estoppel is well-established and has been consistently followed by this Court.

7. This Court is of the considered view that the impugned action/order cannot withstand judicial scrutiny and is liable to be set aside.

CONCLUSION

8. For the reasons stated above, this Court is of the view that the petition deserves to be dismissed.

9. Pending applications, if any, also stand disposed of.

10. No order as to costs.

DATED: 01-11-2016
JUSTICE KUMAR
",Dismissed,CRL.M.C. 7452/2016,01-11-2016,JUSTICE KUMAR
ABC Pvt Ltd vs Union Of India & Ors on 14-02-2017,https://indiankanoon.org/doc/996491,"
IN THE HIGH COURT OF DELHI AT NEW DELHI

+ CS 7036/2017

ABC Pvt Ltd .... Petitioner/Plaintiff
Through: Mr. Advocate1, Sr. Advocate with Mr. Advocate3, Advocate

versus

XYZ Corporation .... Responde...","
IN THE HIGH COURT OF DELHI AT NEW DELHI

+ CS 7036/2017

ABC Pvt Ltd .... Petitioner/Plaintiff
Through: Mr. Advocate1, Sr. Advocate with Mr. Advocate3, Advocate

versus

XYZ Corporation .... Respondent/Defendant
Through: Ms. Advocate2, Advocate with Ms. Advocate4, Advocate

CORAM:
JUSTICE BHAT

JUDGMENT

1. This CS has been filed seeking specific performance of the agreement dated 14.2.2015.

2. The petitioner contends that the petitioner has an alternate remedy available under Section 34 of the Act.

3. The petitioner has placed reliance on  and Principles of natural justice.

4. On the other hand, the respondent has denied any violation of statutory provisions or principles of natural justice.

ANALYSIS AND FINDINGS

5. This Court has examined the record and considered the arguments advanced by the learned counsel for the parties.

6. The Supreme Court in a catena of judgments has held that Principles of natural justice forms the bedrock of administrative decision-making.

7. The procedure followed by the respondent is in consonance with the principles of natural justice and does not warrant interference.

CONCLUSION

8. In light of the above findings, the petition is settled.

9. Pending applications, if any, also stand disposed of.

10. No order as to costs.

DATED: 14-02-2017
JUSTICE BHAT
",Settled,CS 7036/2017,14-02-2017,JUSTICE BHAT
State of Delhi vs State & Ors on 17-07-2017,https://indiankanoon.org/doc/235669,"
IN THE HIGH COURT OF DELHI AT NEW DELHI

+ CS 4786/2017

State of Delhi .... Petitioner/Plaintiff
Through: Mr. Advocate1, Sr. Advocate with Mr. Advocate3, Advocate

versus

Delhi Electricity Regulato...","
IN THE HIGH COURT OF DELHI AT NEW DELHI

+ CS 4786/2017

State of Delhi .... Petitioner/Plaintiff
Through: Mr. Advocate1, Sr. Advocate with Mr. Advocate3, Advocate

versus

Delhi Electricity Regulatory Commission .... Respondent/Defendant
Through: Ms. Advocate2, Advocate with Ms. Advocate4, Advocate

CORAM:
JUSTICE REDDY

JUDGMENT

1. The plaintiff has filed this suit seeking damages for breach of contract dated 17.7.2015.

2. The petitioner contends that the petitioner has an alternate remedy available under Section 34 of the Act.

3. The petitioner has placed reliance on Article 14 of the Constitution, Section 482 of the Code of Criminal Procedure and Section 9 of the Code of Civil Procedure.

4. On the other hand, the respondent has argued that the petition is not maintainable on grounds of limitation and alternative remedy.

ANALYSIS AND FINDINGS

5. This Court has carefully considered the rival submissions made by the learned counsel appearing for the parties.

6. The law regarding Section 482 of the Code of Criminal Procedure has been well-settled by the Supreme Court in numerous decisions.

7. The procedure followed by the respondent is in consonance with the principles of natural justice and does not warrant interference.

CONCLUSION

8. Consequently, the petition is partly allowed in terms of the above observations.

9. Pending applications, if any, also stand disposed of.

10. No order as to costs.

DATED: 17-07-2017
JUSTICE REDDY
",Partly Allowed,CS 4786/2017,17-07-2017,JUSTICE REDDY
Bharat Industries vs Mr. Rajiv Mehta on 05-05-2019,https://indiankanoon.org/doc/184712,"
IN THE HIGH COURT OF DELHI AT NEW DELHI

+ FAO 1106/2019

Bharat Industries .... Petitioner/Plaintiff
Through: Mr. Advocate1, Sr. Advocate with Mr. Advocate3, Advocate

versus

Mr. Rajiv Mehta .... R...","
IN THE HIGH COURT OF DELHI AT NEW DELHI

+ FAO 1106/2019

Bharat Industries .... Petitioner/Plaintiff
Through: Mr. Advocate1, Sr. Advocate with Mr. Advocate3, Advocate

versus

Mr. Rajiv Mehta .... Respondent/Defendant
Through: Ms. Advocate2, Advocate with Ms. Advocate4, Advocate

CORAM:
JUSTICE KAPOOR

JUDGMENT

1. The instant petition has been filed by the petitioner seeking judicial review of the order dated 5.5.2018.

2. The petitioner contends that the petition is barred by limitation.

3. The petitioner has placed reliance on  and Principles of natural justice.

4. On the other hand, the respondent has submitted that due process was followed in accordance with the statutory provisions.

ANALYSIS AND FINDINGS

5. The core issue that needs to be addressed is whether the respondent has acted in accordance with the principles of natural justice.

6. As per the settled legal position, Principles of natural justice cannot be circumvented by executive action.

7. Upon examination of the material on record, this Court finds that the respondent has acted within its jurisdiction and in accordance with law.

CONCLUSION

8. In light of the above findings, the petition is dismissed.

9. Pending applications, if any, also stand disposed of.

10. No order as to costs.

DATED: 05-05-2019
JUSTICE KAPOOR
",Dismissed,FAO 1106/2019,05-05-2019,JUSTICE KAPOOR
ABC Pvt Ltd vs State & Ors on 09-06-2018,https://indiankanoon.org/doc/502339,"
IN THE HIGH COURT OF DELHI AT NEW DELHI

+ CRL.A. 3785/2018

ABC Pvt Ltd .... Petitioner/Plaintiff
Through: Mr. Advocate1, Sr. Advocate with Mr. Advocate3, Advocate

versus

Enforcement Directorate ....","
IN THE HIGH COURT OF DELHI AT NEW DELHI

+ CRL.A. 3785/2018

ABC Pvt Ltd .... Petitioner/Plaintiff
Through: Mr. Advocate1, Sr. Advocate with Mr. Advocate3, Advocate

versus

Enforcement Directorate .... Respondent/Defendant
Through: Ms. Advocate2, Advocate with Ms. Advocate4, Advocate

CORAM:
JUSTICE SHARMA

JUDGMENT

1. This CRL.A. has been filed seeking directions to the Enforcement Directorate to take appropriate action in accordance with law.

2. The petitioner contends that the impugned order is arbitrary and violative of Article 14 of the Constitution.

3. The petitioner has placed reliance on Doctrine of estoppel, Order VII Rule 11 of the Civil Procedure Code and Article 19(1)(g) of the Constitution.

4. On the other hand, the respondent has contested the claims of the petitioner as being devoid of merit.

ANALYSIS AND FINDINGS

5. The core issue that needs to be addressed is whether the respondent has acted in accordance with the principles of natural justice.

6. It is a settled position of law that Article 19(1)(g) of the Constitution must be adhered to by all authorities when making decisions affecting rights of citizens.

7. This Court is of the considered view that the impugned action/order cannot withstand judicial scrutiny and is liable to be set aside.

CONCLUSION

8. In the result, the petition is dismissed with the directions mentioned above.

9. Pending applications, if any, also stand disposed of.

10. No order as to costs.

DATED: 09-06-2018
JUSTICE SHARMA
",Dismissed,CRL.A. 3785/2018,09-06-2018,JUSTICE SHARMA
In the matter of Mr. Anil Sharma vs Reserve Bank of India on 19-08-2019,https://indiankanoon.org/doc/144628,"
IN THE HIGH COURT OF DELHI AT NEW DELHI

+ CRL.A. 6376/2019

Mr. Anil Sharma .... Petitioner/Plaintiff
Through: Mr. Advocate1, Sr. Advocate with Mr. Advocate3, Advocate

versus

Reserve Bank of India...","
IN THE HIGH COURT OF DELHI AT NEW DELHI

+ CRL.A. 6376/2019

Mr. Anil Sharma .... Petitioner/Plaintiff
Through: Mr. Advocate1, Sr. Advocate with Mr. Advocate3, Advocate

versus

Reserve Bank of India .... Respondent/Defendant
Through: Ms. Advocate2, Advocate with Ms. Advocate4, Advocate

CORAM:
JUSTICE MISHRA

JUDGMENT

1. The petitioner has filed this CRL.A. seeking quashing of the order dated 19.8.2018 passed by the Reserve Bank of India.

2. The petitioner contends that the petitioner has an alternate remedy available under Section 34 of the Act.

3. The petitioner has placed reliance on  and Section 9 of the Code of Civil Procedure.

4. On the other hand, the respondent has contended that the decision was taken after considering all relevant factors.

ANALYSIS AND FINDINGS

5. The question that arises for consideration is whether the impugned order suffers from any infirmity warranting interference by this Court.

6. As per the settled legal position, Section 9 of the Code of Civil Procedure cannot be circumvented by executive action.

7. This Court is of the considered view that the impugned action/order cannot withstand judicial scrutiny and is liable to be set aside.

CONCLUSION

8. For the reasons stated above, this Court is of the view that the petition deserves to be partly allowed.

9. Pending applications, if any, also stand disposed of.

10. No order as to costs.

DATED: 19-08-2019
JUSTICE MISHRA
",Partly Allowed,CRL.A. 6376/2019,19-08-2019,JUSTICE MISHRA
RSA 5843/2019: Mrs. Gita Devi vs Ministry of Finance,https://indiankanoon.org/doc/647473,"
IN THE HIGH COURT OF DELHI AT NEW DELHI

+ RSA 5843/2019

Mrs. Gita Devi .... Petitioner/Plaintiff
Through: Mr. Advocate1, Sr. Advocate with Mr. Advocate3, Advocate

versus

Ministry of Finance .... ...","
IN THE HIGH COURT OF DELHI AT NEW DELHI

+ RSA 5843/2019

Mrs. Gita Devi .... Petitioner/Plaintiff
Through: Mr. Advocate1, Sr. Advocate with Mr. Advocate3, Advocate

versus

Ministry of Finance .... Respondent/Defendant
Through: Ms. Advocate2, Advocate with Ms. Advocate4, Advocate

CORAM:
JUSTICE SHARMA

JUDGMENT

1. The instant petition has been filed by the petitioner seeking judicial review of the order dated 9.4.2018.

2. The petitioner contends that the petition is barred by limitation.

3. The petitioner has placed reliance on  and Doctrine of proportionality.

4. On the other hand, the respondent has contested the claims of the petitioner as being devoid of merit.

ANALYSIS AND FINDINGS

5. This Court has carefully considered the rival submissions made by the learned counsel appearing for the parties.

6. As per the settled legal position, Doctrine of proportionality cannot be circumvented by executive action.

7. The procedure followed by the respondent is in consonance with the principles of natural justice and does not warrant interference.

CONCLUSION

8. In light of the above findings, the petition is disposed.

9. Pending applications, if any, also stand disposed of.

10. No order as to costs.

DATED: 09-04-2019
JUSTICE SHARMA
",Disposed,RSA 5843/2019,09-04-2019,JUSTICE SHARMA
Reliance Energy Ltd vs Union Of India & Ors on 13-08-2015,https://indiankanoon.org/doc/789091,"
IN THE HIGH COURT OF DELHI AT NEW DELHI

+ CRL.M.C. 4482/2015

Reliance Energy Ltd .... Petitioner/Plaintiff
Through: Mr. Advocate1, Sr. Advocate with Mr. Advocate3, Advocate

versus

BSES Yamuna Pow...","
IN THE HIGH COURT OF DELHI AT NEW DELHI

+ CRL.M.C. 4482/2015

Reliance Energy Ltd .... Petitioner/Plaintiff
Through: Mr. Advocate1, Sr. Advocate with Mr. Advocate3, Advocate

versus

BSES Yamuna Power Ltd .... Respondent/Defendant
Through: Ms. Advocate2, Advocate with Ms. Advocate4, Advocate

CORAM:
JUSTICE SINGH

JUDGMENT

1. The instant petition has been filed by the petitioner seeking judicial review of the order dated 13.8.2014.

2. The petitioner contends that the impugned order is passed without jurisdiction.

3. The petitioner has placed reliance on  and Article 14 of the Constitution.

4. On the other hand, the respondent has argued that the petitioner has suppressed material facts.

ANALYSIS AND FINDINGS

5. The core issue that needs to be addressed is whether the respondent has acted in accordance with the principles of natural justice.

6. The Supreme Court in a catena of judgments has held that Article 14 of the Constitution forms the bedrock of administrative decision-making.

7. The respondent has failed to consider relevant materials and has taken into account extraneous considerations while passing the impugned order.

CONCLUSION

8. In light of the above findings, the petition is settled.

9. Pending applications, if any, also stand disposed of.

10. No order as to costs.

DATED: 13-08-2015
JUSTICE SINGH
",Settled,CRL.M.C. 4482/2015,13-08-2015,JUSTICE SINGH
State of Delhi vs State & Ors on 18-11-2015,https://indiankanoon.org/doc/420674,"
IN THE HIGH COURT OF DELHI AT NEW DELHI

+ O.M.P. 1512/2015

State of Delhi .... Petitioner/Plaintiff
Through: Mr. Advocate1, Sr. Advocate with Mr. Advocate3, Advocate

versus

Enforcement Directorat...","
IN THE HIGH COURT OF DELHI AT NEW DELHI

+ O.M.P. 1512/2015

State of Delhi .... Petitioner/Plaintiff
Through: Mr. Advocate1, Sr. Advocate with Mr. Advocate3, Advocate

versus

Enforcement Directorate .... Respondent/Defendant
Through: Ms. Advocate2, Advocate with Ms. Advocate4, Advocate

CORAM:
JUSTICE MISHRA

JUDGMENT

1. The plaintiff has filed this suit seeking damages for breach of contract dated 18.11.2013.

2. The petitioner contends that the petitioner has an alternate remedy available under Section 34 of the Act.

3. The petitioner has placed reliance on Article 21 of the Constitution, Article 19(1)(g) of the Constitution and Principles of res judicata.

4. On the other hand, the respondent has argued that the petitioner has suppressed material facts.

ANALYSIS AND FINDINGS

5. This Court has examined the record and considered the arguments advanced by the learned counsel for the parties.

6. It is a settled position of law that Article 19(1)(g) of the Constitution must be adhered to by all authorities when making decisions affecting rights of citizens.

7. In the present case, the Court finds that the impugned order suffers from patent illegality and arbitrariness.

CONCLUSION

8. Consequently, the petition is allowed in terms of the above observations.

9. Pending applications, if any, also stand disposed of.

10. No order as to costs.

DATED: 18-11-2015
JUSTICE MISHRA
",Allowed,O.M.P. 1512/2015,18-11-2015,JUSTICE MISHRA
Delhi High Court: Delhi Metro Rail Corporation vs Reserve Bank of India,https://indiankanoon.org/doc/759430,"
IN THE HIGH COURT OF DELHI AT NEW DELHI

+ CM 6237/2016

Delhi Metro Rail Corporation .... Petitioner/Plaintiff
Through: Mr. Advocate1, Sr. Advocate with Mr. Advocate3, Advocate

versus

Reserve Bank...","
IN THE HIGH COURT OF DELHI AT NEW DELHI

+ CM 6237/2016

Delhi Metro Rail Corporation .... Petitioner/Plaintiff
Through: Mr. Advocate1, Sr. Advocate with Mr. Advocate3, Advocate

versus

Reserve Bank of India .... Respondent/Defendant
Through: Ms. Advocate2, Advocate with Ms. Advocate4, Advocate

CORAM:
JUSTICE REDDY

JUDGMENT

1. The instant petition has been filed by the petitioner seeking judicial review of the order dated 28.2.2015.

2. The petitioner contends that there is no infirmity in the order passed by the respondent.

3. The petitioner has placed reliance on Section 9 of the Code of Civil Procedure and Doctrine of proportionality.

4. On the other hand, the respondent has contested the claims of the petitioner as being devoid of merit.

ANALYSIS AND FINDINGS

5. After careful consideration of the submissions made by both parties, this Court finds that there is merit in the contentions raised by the petitioner.

6. The principle of Doctrine of proportionality is well-established and has been consistently followed by this Court.

7. The procedure followed by the respondent is in consonance with the principles of natural justice and does not warrant interference.

CONCLUSION

8. In light of the above findings, the petition is allowed.

9. Pending applications, if any, also stand disposed of.

10. No order as to costs.

DATED: 28-02-2016
JUSTICE REDDY
",Allowed,CM 6237/2016,28-02-2016,JUSTICE REDDY
Sunil Enterprises vs Union Of India & Ors on 14-12-2022,https://indiankanoon.org/doc/178528,"
IN THE HIGH COURT OF DELHI AT NEW DELHI

+ CRL.A. 1306/2022

Sunil Enterprises .... Petitioner/Plaintiff
Through: Mr. Advocate1, Sr. Advocate with Mr. Advocate3, Advocate

versus

State of Delhi .......","
IN THE HIGH COURT OF DELHI AT NEW DELHI

+ CRL.A. 1306/2022

Sunil Enterprises .... Petitioner/Plaintiff
Through: Mr. Advocate1, Sr. Advocate with Mr. Advocate3, Advocate

versus

State of Delhi .... Respondent/Defendant
Through: Ms. Advocate2, Advocate with Ms. Advocate4, Advocate

CORAM:
JUSTICE KHANNA

JUDGMENT

1. The present CRL.A. has been filed challenging the order dated 14.12.2021 passed by the State of Delhi.

2. The petitioner contends that the impugned order is arbitrary and violative of Article 14 of the Constitution.

3. The petitioner has placed reliance on  and Section 34 of the Arbitration and Conciliation Act.

4. On the other hand, the respondent has argued that the petition is not maintainable on grounds of limitation and alternative remedy.

ANALYSIS AND FINDINGS

5. This Court has carefully considered the rival submissions made by the learned counsel appearing for the parties.

6. The principle of Section 34 of the Arbitration and Conciliation Act is well-established and has been consistently followed by this Court.

7. This Court is of the considered view that the impugned action/order cannot withstand judicial scrutiny and is liable to be set aside.

CONCLUSION

8. In view of the foregoing discussion, the petition is hereby settled.

9. Pending applications, if any, also stand disposed of.

10. No order as to costs.

DATED: 14-12-2022
JUSTICE KHANNA
",Settled,CRL.A. 1306/2022,14-12-2022,JUSTICE KHANNA
CRL.A. 7034/2019: Bharat Industries vs Delhi Jal Board,https://indiankanoon.org/doc/351699,"
IN THE HIGH COURT OF DELHI AT NEW DELHI

+ CRL.A. 7034/2019

Bharat Industries .... Petitioner/Plaintiff
Through: Mr. Advocate1, Sr. Advocate with Mr. Advocate3, Advocate

versus

Delhi Jal Board ......","
IN THE HIGH COURT OF DELHI AT NEW DELHI

+ CRL.A. 7034/2019

Bharat Industries .... Petitioner/Plaintiff
Through: Mr. Advocate1, Sr. Advocate with Mr. Advocate3, Advocate

versus

Delhi Jal Board .... Respondent/Defendant
Through: Ms. Advocate2, Advocate with Ms. Advocate4, Advocate

CORAM:
JUSTICE PATEL

JUDGMENT

1. The petitioner has filed this CRL.A. seeking quashing of the order dated 17.10.2018 passed by the Delhi Jal Board.

2. The petitioner contends that the impugned order is passed without jurisdiction.

3. The petitioner has placed reliance on Section 482 of the Code of Criminal Procedure, Article 19(1)(g) of the Constitution and Section 9 of the Code of Civil Procedure.

4. On the other hand, the respondent has submitted that due process was followed in accordance with the statutory provisions.

ANALYSIS AND FINDINGS

5. The question that arises for consideration is whether the impugned order suffers from any infirmity warranting interference by this Court.

6. It is a settled position of law that Section 482 of the Code of Criminal Procedure must be adhered to by all authorities when making decisions affecting rights of citizens.

7. Upon examination of the material on record, this Court finds that the respondent has acted within its jurisdiction and in accordance with law.

CONCLUSION

8. In view of the foregoing discussion, the petition is hereby settled.

9. Pending applications, if any, also stand disposed of.

10. No order as to costs.

DATED: 17-10-2019
JUSTICE PATEL
",Settled,CRL.A. 7034/2019,17-10-2019,JUSTICE PATEL
Delhi High Court: Indus Corporation vs Delhi Electricity Regulatory Commission,https://indiankanoon.org/doc/775163,"
IN THE HIGH COURT OF DELHI AT NEW DELHI

+ O.M.P. 2546/2020

Indus Corporation .... Petitioner/Plaintiff
Through: Mr. Advocate1, Sr. Advocate with Mr. Advocate3, Advocate

versus

Delhi Electricity R...","
IN THE HIGH COURT OF DELHI AT NEW DELHI

+ O.M.P. 2546/2020

Indus Corporation .... Petitioner/Plaintiff
Through: Mr. Advocate1, Sr. Advocate with Mr. Advocate3, Advocate

versus

Delhi Electricity Regulatory Commission .... Respondent/Defendant
Through: Ms. Advocate2, Advocate with Ms. Advocate4, Advocate

CORAM:
JUSTICE VERMA

JUDGMENT

1. The present suit has been filed by the plaintiff seeking recovery of amounts due under an agreement dated 8.7.2018.

2. The petitioner contends that the impugned order is arbitrary and violative of Article 14 of the Constitution.

3. The petitioner has placed reliance on Doctrine of legitimate expectation, Doctrine of proportionality and Order VII Rule 11 of the Civil Procedure Code.

4. On the other hand, the respondent has denied any violation of statutory provisions or principles of natural justice.

ANALYSIS AND FINDINGS

5. After careful consideration of the submissions made by both parties, this Court finds that there is merit in the contentions raised by the petitioner.

6. It is a settled position of law that Order VII Rule 11 of the Civil Procedure Code must be adhered to by all authorities when making decisions affecting rights of citizens.

7. Upon examination of the material on record, this Court finds that the respondent has acted within its jurisdiction and in accordance with law.

CONCLUSION

8. In light of the above findings, the petition is settled.

9. Pending applications, if any, also stand disposed of.

10. No order as to costs.

DATED: 08-07-2020
JUSTICE VERMA
",Settled,O.M.P. 2546/2020,08-07-2020,JUSTICE VERMA
National Highways Authority vs State of Delhi on 20-05-2015,https://indiankanoon.org/doc/351787,"
IN THE HIGH COURT OF DELHI AT NEW DELHI

+ CM 9296/2015

National Highways Authority .... Petitioner/Plaintiff
Through: Mr. Advocate1, Sr. Advocate with Mr. Advocate3, Advocate

versus

State of Delh...","
IN THE HIGH COURT OF DELHI AT NEW DELHI

+ CM 9296/2015

National Highways Authority .... Petitioner/Plaintiff
Through: Mr. Advocate1, Sr. Advocate with Mr. Advocate3, Advocate

versus

State of Delhi .... Respondent/Defendant
Through: Ms. Advocate2, Advocate with Ms. Advocate4, Advocate

CORAM:
JUSTICE GUPTA

JUDGMENT

1. The instant petition has been filed by the petitioner seeking judicial review of the order dated 20.5.2014.

2. The petitioner contends that the petition is barred by limitation.

3. The petitioner has placed reliance on Ultra vires and Section 9 of the Code of Civil Procedure.

4. On the other hand, the respondent has argued that the petition is not maintainable on grounds of limitation and alternative remedy.

ANALYSIS AND FINDINGS

5. The core issue that needs to be addressed is whether the respondent has acted in accordance with the principles of natural justice.

6. The principle of Ultra vires is well-established and has been consistently followed by this Court.

7. The procedure followed by the respondent is in consonance with the principles of natural justice and does not warrant interference.

CONCLUSION

8. In view of the foregoing discussion, the petition is hereby allowed.

9. Pending applications, if any, also stand disposed of.

10. No order as to costs.

DATED: 20-05-2015
JUSTICE GUPTA
",Allowed,CM 9296/2015,20-05-2015,JUSTICE GUPTA
Delhi High Court: Bharat Industries vs Indian Railways,https://indiankanoon.org/doc/506919,"
IN THE HIGH COURT OF DELHI AT NEW DELHI

+ LPA 8436/2015

Bharat Industries .... Petitioner/Plaintiff
Through: Mr. Advocate1, Sr. Advocate with Mr. Advocate3, Advocate

versus

Indian Railways .... R...","
IN THE HIGH COURT OF DELHI AT NEW DELHI

+ LPA 8436/2015

Bharat Industries .... Petitioner/Plaintiff
Through: Mr. Advocate1, Sr. Advocate with Mr. Advocate3, Advocate

versus

Indian Railways .... Respondent/Defendant
Through: Ms. Advocate2, Advocate with Ms. Advocate4, Advocate

CORAM:
JUSTICE GUPTA

JUDGMENT

1. The present LPA has been filed challenging the order dated 3.7.2014 passed by the Indian Railways.

2. The petitioner contends that there is no infirmity in the order passed by the respondent.

3. The petitioner has placed reliance on Doctrine of proportionality and Section 34 of the Arbitration and Conciliation Act.

4. On the other hand, the respondent has submitted that due process was followed in accordance with the statutory provisions.

ANALYSIS AND FINDINGS

5. The question that arises for consideration is whether the impugned order suffers from any infirmity warranting interference by this Court.

6. As per the settled legal position, Doctrine of proportionality cannot be circumvented by executive action.

7. In the present case, the Court finds that the impugned order suffers from patent illegality and arbitrariness.

CONCLUSION

8. Consequently, the petition is allowed in terms of the above observations.

9. Pending applications, if any, also stand disposed of.

10. No order as to costs.

DATED: 03-07-2015
JUSTICE GUPTA
",Allowed,LPA 8436/2015,03-07-2015,JUSTICE GUPTA
National Highways Authority vs State & Ors on 06-05-2015,https://indiankanoon.org/doc/233320,"
IN THE HIGH COURT OF DELHI AT NEW DELHI

+ ARB.P. 6242/2015

National Highways Authority .... Petitioner/Plaintiff
Through: Mr. Advocate1, Sr. Advocate with Mr. Advocate3, Advocate

versus

Ministry ...","
IN THE HIGH COURT OF DELHI AT NEW DELHI

+ ARB.P. 6242/2015

National Highways Authority .... Petitioner/Plaintiff
Through: Mr. Advocate1, Sr. Advocate with Mr. Advocate3, Advocate

versus

Ministry of Finance .... Respondent/Defendant
Through: Ms. Advocate2, Advocate with Ms. Advocate4, Advocate

CORAM:
JUSTICE PATEL

JUDGMENT

1. The present petition has been filed under Section 11 of the Arbitration and Conciliation Act seeking appointment of an arbitrator.

2. The petitioner contends that the respondent failed to consider relevant factors before passing the impugned order.

3. The petitioner has placed reliance on  and Section 34 of the Arbitration and Conciliation Act.

4. On the other hand, the respondent has argued that the petitioner has suppressed material facts.

ANALYSIS AND FINDINGS

5. After careful consideration of the submissions made by both parties, this Court finds that there is merit in the contentions raised by the petitioner.

6. It is a settled position of law that Section 34 of the Arbitration and Conciliation Act must be adhered to by all authorities when making decisions affecting rights of citizens.

7. The procedure followed by the respondent is in consonance with the principles of natural justice and does not warrant interference.

CONCLUSION

8. In the result, the petition is dismissed with the directions mentioned above.

9. Pending applications, if any, also stand disposed of.

10. No order as to costs.

DATED: 06-05-2015
JUSTICE PATEL
",Dismissed,ARB.P. 6242/2015,06-05-2015,JUSTICE PATEL
RFA 1123/2019: Bharat Industries vs Income Tax Department,https://indiankanoon.org/doc/549972,"
IN THE HIGH COURT OF DELHI AT NEW DELHI

+ RFA 1123/2019

Bharat Industries .... Petitioner/Plaintiff
Through: Mr. Advocate1, Sr. Advocate with Mr. Advocate3, Advocate

versus

Income Tax Department ...","
IN THE HIGH COURT OF DELHI AT NEW DELHI

+ RFA 1123/2019

Bharat Industries .... Petitioner/Plaintiff
Through: Mr. Advocate1, Sr. Advocate with Mr. Advocate3, Advocate

versus

Income Tax Department .... Respondent/Defendant
Through: Ms. Advocate2, Advocate with Ms. Advocate4, Advocate

CORAM:
JUSTICE VERMA

JUDGMENT

1. The instant petition has been filed by the petitioner seeking judicial review of the order dated 11.1.2018.

2. The petitioner contends that the impugned order is arbitrary and violative of Article 14 of the Constitution.

3. The petitioner has placed reliance on Right to fair hearing and Article 14 of the Constitution.

4. On the other hand, the respondent has submitted that due process was followed in accordance with the statutory provisions.

ANALYSIS AND FINDINGS

5. The question that arises for consideration is whether the impugned order suffers from any infirmity warranting interference by this Court.

6. The Supreme Court in a catena of judgments has held that Right to fair hearing forms the bedrock of administrative decision-making.

7. Upon examination of the material on record, this Court finds that the respondent has acted within its jurisdiction and in accordance with law.

CONCLUSION

8. In light of the above findings, the petition is disposed.

9. Pending applications, if any, also stand disposed of.

10. No order as to costs.

DATED: 11-01-2019
JUSTICE VERMA
",Disposed,RFA 1123/2019,11-01-2019,JUSTICE VERMA
Delhi Metro Rail Corporation vs Union Of India & Ors on 20-10-2023,https://indiankanoon.org/doc/670904,"
IN THE HIGH COURT OF DELHI AT NEW DELHI

+ RSA 4861/2023

Delhi Metro Rail Corporation .... Petitioner/Plaintiff
Through: Mr. Advocate1, Sr. Advocate with Mr. Advocate3, Advocate

versus

Enforcement...","
IN THE HIGH COURT OF DELHI AT NEW DELHI

+ RSA 4861/2023

Delhi Metro Rail Corporation .... Petitioner/Plaintiff
Through: Mr. Advocate1, Sr. Advocate with Mr. Advocate3, Advocate

versus

Enforcement Directorate .... Respondent/Defendant
Through: Ms. Advocate2, Advocate with Ms. Advocate4, Advocate

CORAM:
JUSTICE GUPTA

JUDGMENT

1. The instant petition has been filed by the petitioner seeking judicial review of the order dated 20.10.2022.

2. The petitioner contends that the doctrine of legitimate expectation applies in the present case.

3. The petitioner has placed reliance on  and Doctrine of estoppel.

4. On the other hand, the respondent has submitted that due process was followed in accordance with the statutory provisions.

ANALYSIS AND FINDINGS

5. The core issue that needs to be addressed is whether the respondent has acted in accordance with the principles of natural justice.

6. As per the settled legal position, Doctrine of estoppel cannot be circumvented by executive action.

7. The procedure followed by the respondent is in consonance with the principles of natural justice and does not warrant interference.

CONCLUSION

8. Consequently, the petition is disposed in terms of the above observations.

9. Pending applications, if any, also stand disposed of.

10. No order as to costs.

DATED: 20-10-2023
JUSTICE GUPTA
",Disposed,RSA 4861/2023,20-10-2023,JUSTICE GUPTA
State of Delhi vs State & Ors on 05-09-2020,https://indiankanoon.org/doc/643125,"
IN THE HIGH COURT OF DELHI AT NEW DELHI

+ CM 5511/2020

State of Delhi .... Petitioner/Plaintiff
Through: Mr. Advocate1, Sr. Advocate with Mr. Advocate3, Advocate

versus

Delhi Jal Board .... Respo...","
IN THE HIGH COURT OF DELHI AT NEW DELHI

+ CM 5511/2020

State of Delhi .... Petitioner/Plaintiff
Through: Mr. Advocate1, Sr. Advocate with Mr. Advocate3, Advocate

versus

Delhi Jal Board .... Respondent/Defendant
Through: Ms. Advocate2, Advocate with Ms. Advocate4, Advocate

CORAM:
JUSTICE KHANNA

JUDGMENT

1. The instant petition has been filed by the petitioner seeking judicial review of the order dated 5.9.2019.

2. The petitioner contends that the impugned action violates the petitioner's fundamental rights under Part III of the Constitution.

3. The petitioner has placed reliance on  and Right to fair hearing.

4. On the other hand, the respondent has contended that the decision was taken after considering all relevant factors.

ANALYSIS AND FINDINGS

5. This Court has carefully considered the rival submissions made by the learned counsel appearing for the parties.

6. The law regarding Right to fair hearing has been well-settled by the Supreme Court in numerous decisions.

7. Upon examination of the material on record, this Court finds that the respondent has acted within its jurisdiction and in accordance with law.

CONCLUSION

8. For the reasons stated above, this Court is of the view that the petition deserves to be allowed.

9. Pending applications, if any, also stand disposed of.

10. No order as to costs.

DATED: 05-09-2020
JUSTICE KHANNA
",Allowed,CM 5511/2020,05-09-2020,JUSTICE KHANNA
Delhi Transport Corporation vs State & Ors on 01-01-2020,https://indiankanoon.org/doc/748673,"
IN THE HIGH COURT OF DELHI AT NEW DELHI

+ LPA 2919/2020

Delhi Transport Corporation .... Petitioner/Plaintiff
Through: Mr. Advocate1, Sr. Advocate with Mr. Advocate3, Advocate

versus

Reserve Bank...","
IN THE HIGH COURT OF DELHI AT NEW DELHI

+ LPA 2919/2020

Delhi Transport Corporation .... Petitioner/Plaintiff
Through: Mr. Advocate1, Sr. Advocate with Mr. Advocate3, Advocate

versus

Reserve Bank of India .... Respondent/Defendant
Through: Ms. Advocate2, Advocate with Ms. Advocate4, Advocate

CORAM:
JUSTICE BHAT

JUDGMENT

1. The petitioner has filed this LPA seeking quashing of the order dated 1.1.2019 passed by the Reserve Bank of India.

2. The petitioner contends that the petitioner has an alternate remedy available under Section 34 of the Act.

3. The petitioner has placed reliance on Doctrine of estoppel and Section 34 of the Arbitration and Conciliation Act.

4. On the other hand, the respondent has denied any violation of statutory provisions or principles of natural justice.

ANALYSIS AND FINDINGS

5. This Court has carefully considered the rival submissions made by the learned counsel appearing for the parties.

6. The Supreme Court in a catena of judgments has held that Doctrine of estoppel forms the bedrock of administrative decision-making.

7. This Court is of the considered view that the impugned action/order cannot withstand judicial scrutiny and is liable to be set aside.

CONCLUSION

8. In light of the above findings, the petition is partly allowed.

9. Pending applications, if any, also stand disposed of.

10. No order as to costs.

DATED: 01-01-2020
JUSTICE BHAT
",Partly Allowed,LPA 2919/2020,01-01-2020,JUSTICE BHAT
CRL.A. 3565/2019: Mr. Anil Sharma vs Income Tax Department,https://indiankanoon.org/doc/714977,"
IN THE HIGH COURT OF DELHI AT NEW DELHI

+ CRL.A. 3565/2019

Mr. Anil Sharma .... Petitioner/Plaintiff
Through: Mr. Advocate1, Sr. Advocate with Mr. Advocate3, Advocate

versus

Income Tax Department...","
IN THE HIGH COURT OF DELHI AT NEW DELHI

+ CRL.A. 3565/2019

Mr. Anil Sharma .... Petitioner/Plaintiff
Through: Mr. Advocate1, Sr. Advocate with Mr. Advocate3, Advocate

versus

Income Tax Department .... Respondent/Defendant
Through: Ms. Advocate2, Advocate with Ms. Advocate4, Advocate

CORAM:
JUSTICE MALHOTRA

JUDGMENT

1. The petitioner has filed this CRL.A. seeking quashing of the order dated 13.7.2018 passed by the Income Tax Department.

2. The petitioner contends that the petitioner has failed to establish a prima facie case for interference.

3. The petitioner has placed reliance on Section 482 of the Code of Criminal Procedure, Doctrine of legitimate expectation and Doctrine of estoppel.

4. On the other hand, the respondent has contested the claims of the petitioner as being devoid of merit.

ANALYSIS AND FINDINGS

5. This Court has examined the record and considered the arguments advanced by the learned counsel for the parties.

6. It is a settled position of law that Doctrine of estoppel must be adhered to by all authorities when making decisions affecting rights of citizens.

7. This Court is of the considered view that the impugned action/order cannot withstand judicial scrutiny and is liable to be set aside.

CONCLUSION

8. In light of the above findings, the petition is partly allowed.

9. Pending applications, if any, also stand disposed of.

10. No order as to costs.

DATED: 13-07-2019
JUSTICE MALHOTRA
",Partly Allowed,CRL.A. 3565/2019,13-07-2019,JUSTICE MALHOTRA
In the matter of Delhi Metro Rail Corporation vs Delhi Electricity Regulatory Commission on 02-07-2020,https://indiankanoon.org/doc/908635,"
IN THE HIGH COURT OF DELHI AT NEW DELHI

+ CM 3033/2020

Delhi Metro Rail Corporation .... Petitioner/Plaintiff
Through: Mr. Advocate1, Sr. Advocate with Mr. Advocate3, Advocate

versus

Delhi Electr...","
IN THE HIGH COURT OF DELHI AT NEW DELHI

+ CM 3033/2020

Delhi Metro Rail Corporation .... Petitioner/Plaintiff
Through: Mr. Advocate1, Sr. Advocate with Mr. Advocate3, Advocate

versus

Delhi Electricity Regulatory Commission .... Respondent/Defendant
Through: Ms. Advocate2, Advocate with Ms. Advocate4, Advocate

CORAM:
JUSTICE KHANNA

JUDGMENT

1. The instant petition has been filed by the petitioner seeking judicial review of the order dated 2.7.2019.

2. The petitioner contends that the petition is barred by limitation.

3. The petitioner has placed reliance on Order VII Rule 11 of the Civil Procedure Code, Right to fair hearing and Principles of natural justice.

4. On the other hand, the respondent has submitted that due process was followed in accordance with the statutory provisions.

ANALYSIS AND FINDINGS

5. This Court has carefully considered the rival submissions made by the learned counsel appearing for the parties.

6. As per the settled legal position, Principles of natural justice cannot be circumvented by executive action.

7. In the present case, the Court finds that the impugned order suffers from patent illegality and arbitrariness.

CONCLUSION

8. For the reasons stated above, this Court is of the view that the petition deserves to be dismissed.

9. Pending applications, if any, also stand disposed of.

10. No order as to costs.

DATED: 02-07-2020
JUSTICE KHANNA
",Dismissed,CM 3033/2020,02-07-2020,JUSTICE KHANNA
Ramesh Kumar vs State & Ors on 08-05-2021,https://indiankanoon.org/doc/621816,"
IN THE HIGH COURT OF DELHI AT NEW DELHI

+ CRL.A. 8727/2021

Ramesh Kumar .... Petitioner/Plaintiff
Through: Mr. Advocate1, Sr. Advocate with Mr. Advocate3, Advocate

versus

Municipal Corporation of...","
IN THE HIGH COURT OF DELHI AT NEW DELHI

+ CRL.A. 8727/2021

Ramesh Kumar .... Petitioner/Plaintiff
Through: Mr. Advocate1, Sr. Advocate with Mr. Advocate3, Advocate

versus

Municipal Corporation of Delhi .... Respondent/Defendant
Through: Ms. Advocate2, Advocate with Ms. Advocate4, Advocate

CORAM:
JUSTICE PATEL

JUDGMENT

1. The present CRL.A. has been filed challenging the order dated 8.5.2020 passed by the Municipal Corporation of Delhi.

2. The petitioner contends that the action of the respondent is ultra vires the provisions of the Act.

3. The petitioner has placed reliance on Doctrine of legitimate expectation and Ultra vires.

4. On the other hand, the respondent has argued that the petitioner has suppressed material facts.

ANALYSIS AND FINDINGS

5. The core issue that needs to be addressed is whether the respondent has acted in accordance with the principles of natural justice.

6. It is a settled position of law that Doctrine of legitimate expectation must be adhered to by all authorities when making decisions affecting rights of citizens.

7. While the action of the respondent is not entirely without basis, certain aspects need reconsideration in light of the legal principles discussed above.

CONCLUSION

8. In light of the above findings, the petition is dismissed.

9. Pending applications, if any, also stand disposed of.

10. No order as to costs.

DATED: 08-05-2021
JUSTICE PATEL
",Dismissed,CRL.A. 8727/2021,08-05-2021,JUSTICE PATEL
State of Delhi vs Ministry of Finance on 03-09-2023,https://indiankanoon.org/doc/464824,"
IN THE HIGH COURT OF DELHI AT NEW DELHI

+ CRL.M.C. 4133/2023

State of Delhi .... Petitioner/Plaintiff
Through: Mr. Advocate1, Sr. Advocate with Mr. Advocate3, Advocate

versus

Ministry of Finance ...","
IN THE HIGH COURT OF DELHI AT NEW DELHI

+ CRL.M.C. 4133/2023

State of Delhi .... Petitioner/Plaintiff
Through: Mr. Advocate1, Sr. Advocate with Mr. Advocate3, Advocate

versus

Ministry of Finance .... Respondent/Defendant
Through: Ms. Advocate2, Advocate with Ms. Advocate4, Advocate

CORAM:
JUSTICE PATEL

JUDGMENT

1. The instant petition has been filed by the petitioner seeking judicial review of the order dated 3.9.2022.

2. The petitioner contends that the impugned order is arbitrary and violative of Article 14 of the Constitution.

3. The petitioner has placed reliance on Doctrine of proportionality and Doctrine of estoppel.

4. On the other hand, the respondent has argued that the petitioner has suppressed material facts.

ANALYSIS AND FINDINGS

5. The core issue that needs to be addressed is whether the respondent has acted in accordance with the principles of natural justice.

6. It is a settled position of law that Doctrine of estoppel must be adhered to by all authorities when making decisions affecting rights of citizens.

7. The respondent has failed to consider relevant materials and has taken into account extraneous considerations while passing the impugned order.

CONCLUSION

8. In view of the foregoing discussion, the petition is hereby dismissed.

9. Pending applications, if any, also stand disposed of.

10. No order as to costs.

DATED: 03-09-2023
JUSTICE PATEL
",Dismissed,CRL.M.C. 4133/2023,03-09-2023,JUSTICE PATEL
Sharma Trading Co. vs Delhi Jal Board on 09-01-2023,https://indiankanoon.org/doc/893814,"
IN THE HIGH COURT OF DELHI AT NEW DELHI

+ CS 2642/2023

Sharma Trading Co. .... Petitioner/Plaintiff
Through: Mr. Advocate1, Sr. Advocate with Mr. Advocate3, Advocate

versus

Delhi Jal Board .... R...","
IN THE HIGH COURT OF DELHI AT NEW DELHI

+ CS 2642/2023

Sharma Trading Co. .... Petitioner/Plaintiff
Through: Mr. Advocate1, Sr. Advocate with Mr. Advocate3, Advocate

versus

Delhi Jal Board .... Respondent/Defendant
Through: Ms. Advocate2, Advocate with Ms. Advocate4, Advocate

CORAM:
JUSTICE MALHOTRA

JUDGMENT

1. The present suit has been filed by the plaintiff seeking recovery of amounts due under an agreement dated 9.1.2021.

2. The petitioner contends that the petitioner has an alternate remedy available under Section 34 of the Act.

3. The petitioner has placed reliance on Right to fair hearing and Section 34 of the Arbitration and Conciliation Act.

4. On the other hand, the respondent has contested the claims of the petitioner as being devoid of merit.

ANALYSIS AND FINDINGS

5. The core issue that needs to be addressed is whether the respondent has acted in accordance with the principles of natural justice.

6. The principle of Right to fair hearing is well-established and has been consistently followed by this Court.

7. While the action of the respondent is not entirely without basis, certain aspects need reconsideration in light of the legal principles discussed above.

CONCLUSION

8. In view of the foregoing discussion, the petition is hereby disposed.

9. Pending applications, if any, also stand disposed of.

10. No order as to costs.

DATED: 09-01-2023
JUSTICE MALHOTRA
",Disposed,CS 2642/2023,09-01-2023,JUSTICE MALHOTRA
Mrs. Gita Devi vs Union Of India & Ors on 04-02-2015,https://indiankanoon.org/doc/920821,"
IN THE HIGH COURT OF DELHI AT NEW DELHI

+ CM 6589/2015

Mrs. Gita Devi .... Petitioner/Plaintiff
Through: Mr. Advocate1, Sr. Advocate with Mr. Advocate3, Advocate

versus

Ministry of Finance .... R...","
IN THE HIGH COURT OF DELHI AT NEW DELHI

+ CM 6589/2015

Mrs. Gita Devi .... Petitioner/Plaintiff
Through: Mr. Advocate1, Sr. Advocate with Mr. Advocate3, Advocate

versus

Ministry of Finance .... Respondent/Defendant
Through: Ms. Advocate2, Advocate with Ms. Advocate4, Advocate

CORAM:
JUSTICE REDDY

JUDGMENT

1. The instant petition has been filed by the petitioner seeking judicial review of the order dated 4.2.2014.

2. The petitioner contends that the action of the respondent is ultra vires the provisions of the Act.

3. The petitioner has placed reliance on Section 34 of the Arbitration and Conciliation Act, Article 14 of the Constitution and Ultra vires.

4. On the other hand, the respondent has contended that the decision was taken after considering all relevant factors.

ANALYSIS AND FINDINGS

5. This Court has examined the record and considered the arguments advanced by the learned counsel for the parties.

6. The principle of Section 34 of the Arbitration and Conciliation Act is well-established and has been consistently followed by this Court.

7. In the present case, the Court finds that the impugned order suffers from patent illegality and arbitrariness.

CONCLUSION

8. In view of the foregoing discussion, the petition is hereby settled.

9. Pending applications, if any, also stand disposed of.

10. No order as to costs.

DATED: 04-02-2015
JUSTICE REDDY
",Settled,CM 6589/2015,04-02-2015,JUSTICE REDDY
In the matter of ABC Pvt Ltd vs Delhi Jal Board on 14-06-2021,https://indiankanoon.org/doc/522082,"
IN THE HIGH COURT OF DELHI AT NEW DELHI

+ RFA 9232/2021

ABC Pvt Ltd .... Petitioner/Plaintiff
Through: Mr. Advocate1, Sr. Advocate with Mr. Advocate3, Advocate

versus

Delhi Jal Board .... Respond...","
IN THE HIGH COURT OF DELHI AT NEW DELHI

+ RFA 9232/2021

ABC Pvt Ltd .... Petitioner/Plaintiff
Through: Mr. Advocate1, Sr. Advocate with Mr. Advocate3, Advocate

versus

Delhi Jal Board .... Respondent/Defendant
Through: Ms. Advocate2, Advocate with Ms. Advocate4, Advocate

CORAM:
JUSTICE VERMA

JUDGMENT

1. The instant petition has been filed by the petitioner seeking judicial review of the order dated 14.6.2020.

2. The petitioner contends that the doctrine of legitimate expectation applies in the present case.

3. The petitioner has placed reliance on Section 9 of the Code of Civil Procedure, Right to fair hearing and Doctrine of estoppel.

4. On the other hand, the respondent has contested the claims of the petitioner as being devoid of merit.

ANALYSIS AND FINDINGS

5. The core issue that needs to be addressed is whether the respondent has acted in accordance with the principles of natural justice.

6. As per the settled legal position, Right to fair hearing cannot be circumvented by executive action.

7. The procedure followed by the respondent is in consonance with the principles of natural justice and does not warrant interference.

CONCLUSION

8. In view of the foregoing discussion, the petition is hereby settled.

9. Pending applications, if any, also stand disposed of.

10. No order as to costs.

DATED: 14-06-2021
JUSTICE VERMA
",Settled,RFA 9232/2021,14-06-2021,JUSTICE VERMA
In the matter of Delhi Metro Rail Corporation vs XYZ Corporation on 01-01-2016,https://indiankanoon.org/doc/963419,"
IN THE HIGH COURT OF DELHI AT NEW DELHI

+ RFA 5701/2016

Delhi Metro Rail Corporation .... Petitioner/Plaintiff
Through: Mr. Advocate1, Sr. Advocate with Mr. Advocate3, Advocate

versus

XYZ Corpora...","
IN THE HIGH COURT OF DELHI AT NEW DELHI

+ RFA 5701/2016

Delhi Metro Rail Corporation .... Petitioner/Plaintiff
Through: Mr. Advocate1, Sr. Advocate with Mr. Advocate3, Advocate

versus

XYZ Corporation .... Respondent/Defendant
Through: Ms. Advocate2, Advocate with Ms. Advocate4, Advocate

CORAM:
JUSTICE MISHRA

JUDGMENT

1. The instant petition has been filed by the petitioner seeking judicial review of the order dated 1.1.2015.

2. The petitioner contends that the impugned order is passed without jurisdiction.

3. The petitioner has placed reliance on  and Order VII Rule 11 of the Civil Procedure Code.

4. On the other hand, the respondent has contested the claims of the petitioner as being devoid of merit.

ANALYSIS AND FINDINGS

5. After careful consideration of the submissions made by both parties, this Court finds that there is merit in the contentions raised by the petitioner.

6. The principle of Order VII Rule 11 of the Civil Procedure Code is well-established and has been consistently followed by this Court.

7. This Court is of the considered view that the impugned action/order cannot withstand judicial scrutiny and is liable to be set aside.

CONCLUSION

8. For the reasons stated above, this Court is of the view that the petition deserves to be dismissed.

9. Pending applications, if any, also stand disposed of.

10. No order as to costs.

DATED: 01-01-2016
JUSTICE MISHRA
",Dismissed,RFA 5701/2016,01-01-2016,JUSTICE MISHRA
